2025-06-10 23:42:31,568 [WARNING] PyNaCl is not installed, voice will NOT be supported
2025-06-10 23:42:31,571 [INFO] logging in using static token
2025-06-10 23:42:35,049 [INFO] Shard ID None has connected to Gateway (Session ID: 383bf43128b680b2e3773f91d18d3c2e).
2025-06-10 23:42:37,141 [INFO] ✅ main async database-д амжилттай холбогдлоо: C:\Users\Haier\Desktop\MongolBot\mongolbot\data\bot.db
2025-06-10 23:42:37,141 [ERROR] ❌ Префикс систем эхлүүлэхэд алдаа гарлаа: threads can only be started once
2025-06-10 23:42:37,198 [ERROR] ❌ VIP систем ачаалахад алдаа: invalid syntax (serverbank.py, line 33)
2025-06-10 23:42:37,219 [INFO] ✅ economy database-д амжилттай холбогдлоо: C:\Users\Haier\Desktop\MongolBot\mongolbot\data\economy.db
2025-06-10 23:42:37,239 [INFO] ✅ Ачаалсан: cogs.economy.bank
2025-06-10 23:42:37,242 [INFO] ✅ economy database-д амжилттай холбогдлоо: C:\Users\Haier\Desktop\MongolBot\mongolbot\data\economy.db
2025-06-10 23:42:37,242 [INFO] ✅ Ачаалсан: cogs.economy.economy
2025-06-10 23:42:37,243 [ERROR] 🚨 Ачаалж чадсангүй: cogs.economy.serverbank - invalid syntax (serverbank.py, line 33)
2025-06-10 23:42:37,248 [ERROR] 🚨 Ачаалж чадсангүй: cogs.games.game - invalid syntax (serverbank.py, line 33)
2025-06-10 23:42:37,252 [ERROR] 🚨 Ачаалж чадсангүй: cogs.games.horseracing - invalid syntax (serverbank.py, line 33)
2025-06-10 23:42:37,254 [ERROR] 🚨 Ачаалж чадсангүй: cogs.games.buh - invalid syntax (serverbank.py, line 33)
2025-06-10 23:42:37,257 [ERROR] 🚨 Ачаалж чадсангүй: cogs.games.count - invalid syntax (serverbank.py, line 33)
2025-06-10 23:42:37,261 [ERROR] 🚨 Ачаалж чадсангүй: cogs.games.buttondate - invalid syntax (serverbank.py, line 33)
2025-06-10 23:42:37,270 [INFO] ⚠️ Зээлийн хүү тооцох хугацаа болоогүй байна!
2025-06-10 23:42:37,271 [INFO] ✅ Хадгаламжийн хүү тооцооллоо!
2025-06-10 23:42:37,790 [INFO] ✅ Ачаалсан: cogs.admin.admin
2025-06-10 23:42:37,791 [INFO] ✅ Ачаалсан: cogs.admin.channel
2025-06-10 23:42:37,792 [INFO] ✅ Ачаалсан: cogs.admin.owner
2025-06-10 23:42:37,793 [ERROR] 🚨 Ачаалж чадсангүй: cogs.admin.giveaway - Extension 'cogs.admin.giveaway' could not be loaded or found.
2025-06-10 23:42:37,793 [ERROR] 🚨 Ачаалж чадсангүй: cogs.admin.suggest - Extension 'cogs.admin.suggest' could not be loaded or found.
2025-06-10 23:42:37,793 [ERROR] 🚨 Ачаалж чадсангүй: cogs.admin.report - Extension 'cogs.admin.report' could not be loaded or found.
2025-06-10 23:42:37,793 [ERROR] 🚨 Ачаалж чадсангүй: cogs.utils.help - Extension 'cogs.utils.help' could not be loaded or found.
2025-06-10 23:42:37,794 [ERROR] 🚨 Ачаалж чадсангүй: cogs.utils.support - Extension 'cogs.utils.support' could not be loaded or found.
2025-06-11 00:03:25,129 [WARNING] PyNaCl is not installed, voice will NOT be supported
2025-06-11 00:03:25,131 [INFO] logging in using static token
2025-06-11 00:03:29,316 [INFO] Shard ID None has connected to Gateway (Session ID: 53f4aa98734fa2803ac8bb13d0415005).
2025-06-11 00:03:38,608 [ERROR] ❌ main async database холболтод алдаа: database is locked
2025-06-11 00:03:38,608 [ERROR] ❌ Префикс систем эхлүүлэхэд алдаа гарлаа: database is locked
2025-06-11 00:03:38,639 [INFO] ✅ VIP систем ачаалагдлаа
2025-06-11 00:03:38,654 [INFO] ✅ economy database-д амжилттай холбогдлоо: C:\Users\Haier\Desktop\MongolBot\mongolbot\data\economy.db
2025-06-11 00:03:38,661 [INFO] ✅ Ачаалсан: cogs.economy.bank
2025-06-11 00:03:38,663 [INFO] ✅ economy database-д амжилттай холбогдлоо: C:\Users\Haier\Desktop\MongolBot\mongolbot\data\economy.db
2025-06-11 00:03:38,663 [INFO] ✅ Ачаалсан: cogs.economy.economy
2025-06-11 00:03:38,666 [INFO] ✅ Ачаалсан: cogs.economy.serverbank
2025-06-11 00:03:38,696 [ERROR] 🚨 Ачаалж чадсангүй: cogs.games.buh - cannot import name 'HorseRacing' from 'cogs.games.horseracing' (C:\Users\Haier\Desktop\MongolBot\mongolbot\cogs\games\horseracing.py)
2025-06-11 00:03:38,698 [ERROR] 🚨 Ачаалж чадсангүй: cogs.games.count - cannot import name 'HorseRacing' from 'cogs.games.horseracing' (C:\Users\Haier\Desktop\MongolBot\mongolbot\cogs\games\horseracing.py)
2025-06-11 00:03:38,699 [ERROR] 🚨 Ачаалж чадсангүй: cogs.games.buttondate - cannot import name 'HorseRacing' from 'cogs.games.horseracing' (C:\Users\Haier\Desktop\MongolBot\mongolbot\cogs\games\horseracing.py)
2025-06-11 00:03:38,699 [ERROR] 🚨 Ачаалж чадсангүй: cogs.games.horseracing - Extension 'cogs.games.horseracing' has no 'setup' function.
2025-06-11 00:03:38,715 [INFO] ⚠️ Зээлийн хүү тооцох хугацаа болоогүй байна!
2025-06-11 00:03:38,716 [INFO] ⚠️ Хадгаламжийн хүү тооцох хугацаа болоогүй байна!
2025-06-11 00:03:38,716 [ERROR] Task exception was never retrieved
future: <Task finished name='Task-10' coro=<VIP.setup_database() done, defined at C:\Users\Haier\Desktop\MongolBot\mongolbot\cogs\economy\vip.py:181> exception=OperationalError('unable to open database file')>
Traceback (most recent call last):
  File "C:\Users\Haier\Desktop\MongolBot\mongolbot\cogs\economy\vip.py", line 183, in setup_database
    self.conn = await aiosqlite.connect("../data/economy.db")
                ^^^^^^^^^^^^^^^^^^^^^^^^^^^^^^^^^^^^^^^^^^^^^
  File "C:\Users\Haier\AppData\Roaming\Python\Python312\site-packages\aiosqlite\core.py", line 130, in _connect
    self._connection = await future
                       ^^^^^^^^^^^^
  File "C:\Users\Haier\AppData\Roaming\Python\Python312\site-packages\aiosqlite\core.py", line 105, in run
    result = function()
             ^^^^^^^^^^
  File "C:\Users\Haier\AppData\Roaming\Python\Python312\site-packages\aiosqlite\core.py", line 382, in connector
    return sqlite3.connect(loc, **kwargs)
           ^^^^^^^^^^^^^^^^^^^^^^^^^^^^^^
sqlite3.OperationalError: unable to open database file
2025-06-11 00:03:39,296 [INFO] ✅ Ачаалсан: cogs.admin.admin
2025-06-11 00:03:39,298 [INFO] ✅ Ачаалсан: cogs.admin.channel
2025-06-11 00:03:39,299 [INFO] ✅ Ачаалсан: cogs.admin.owner
2025-06-11 00:03:46,067 [ERROR] ❌ serverbank async database холболтод алдаа: database is locked
2025-06-11 00:03:46,067 [ERROR] Task exception was never retrieved
future: <Task finished name='Task-13' coro=<ServerBank.setup() done, defined at C:\Users\Haier\Desktop\MongolBot\mongolbot\cogs\economy\serverbank.py:11> exception=OperationalError('database is locked')>
Traceback (most recent call last):
  File "C:\Users\Haier\Desktop\MongolBot\mongolbot\cogs\economy\serverbank.py", line 12, in setup
    async with await get_async_connection('serverbank') as conn:
               ^^^^^^^^^^^^^^^^^^^^^^^^^^^^^^^^^^^^^^^^
  File "C:\Users\Haier\Desktop\MongolBot\mongolbot\cogs\utils\database.py", line 105, in get_async_connection
    return await db_manager.get_async_connection(db_name)
           ^^^^^^^^^^^^^^^^^^^^^^^^^^^^^^^^^^^^^^^^^^^^^^
  File "C:\Users\Haier\Desktop\MongolBot\mongolbot\cogs\utils\database.py", line 84, in get_async_connection
    await conn.execute("PRAGMA journal_mode=WAL;")
  File "C:\Users\Haier\AppData\Roaming\Python\Python312\site-packages\aiosqlite\core.py", line 183, in execute
    cursor = await self._execute(self._conn.execute, sql, parameters)
             ^^^^^^^^^^^^^^^^^^^^^^^^^^^^^^^^^^^^^^^^^^^^^^^^^^^^^^^^
  File "C:\Users\Haier\AppData\Roaming\Python\Python312\site-packages\aiosqlite\core.py", line 122, in _execute
    return await future
           ^^^^^^^^^^^^
  File "C:\Users\Haier\AppData\Roaming\Python\Python312\site-packages\aiosqlite\core.py", line 105, in run
    result = function()
             ^^^^^^^^^^
sqlite3.OperationalError: database is locked
2025-06-11 00:04:39,266 [INFO] ✅ Slash командууд sync хийгдлээ: 2 команд
2025-06-11 00:04:39,267 [INFO] Sync хийгдсэн команд: post
2025-06-11 00:04:39,267 [INFO] Sync хийгдсэн команд: channel
2025-06-11 00:04:39,268 [INFO] ✅ Testing bot#5556 амжилттай холбогдлоо!
2025-06-11 00:06:20,930 [WARNING] PyNaCl is not installed, voice will NOT be supported
2025-06-11 00:06:20,932 [INFO] logging in using static token
2025-06-11 00:06:25,112 [INFO] Shard ID None has connected to Gateway (Session ID: 7f9cdc72df144fb121c4fb1ce1c87040).
2025-06-11 00:06:27,166 [INFO] ✅ main async database-д амжилттай холбогдлоо: C:\Users\Haier\Desktop\MongolBot\mongolbot\data\bot.db
2025-06-11 00:06:27,166 [ERROR] ❌ Префикс систем эхлүүлэхэд алдаа гарлаа: threads can only be started once
2025-06-11 00:06:27,195 [ERROR] ❌ VIP систем ачаалахад алдаа: Extension 'cogs.economy.vip' raised an error: SyntaxError: invalid syntax (vip.py, line 179)
2025-06-11 00:06:27,198 [INFO] ✅ economy database-д амжилттай холбогдлоо: C:\Users\Haier\Desktop\MongolBot\mongolbot\data\economy.db
2025-06-11 00:06:27,206 [INFO] ✅ Ачаалсан: cogs.economy.bank
2025-06-11 00:06:27,210 [INFO] ✅ economy database-д амжилттай холбогдлоо: C:\Users\Haier\Desktop\MongolBot\mongolbot\data\economy.db
2025-06-11 00:06:27,210 [INFO] ✅ Ачаалсан: cogs.economy.economy
2025-06-11 00:06:27,213 [INFO] ✅ Ачаалсан: cogs.economy.serverbank
2025-06-11 00:06:27,234 [INFO] ✅ Ачаалсан: cogs.games.buh
2025-06-11 00:06:27,242 [INFO] ✅ Ачаалсан: cogs.games.count
2025-06-11 00:06:27,248 [INFO] ✅ Ачаалсан: cogs.games.buttondate
2025-06-11 00:06:27,258 [INFO] ✅ Ачаалсан: cogs.games.horseracing
2025-06-11 00:06:27,266 [INFO] ⚠️ Зээлийн хүү тооцох хугацаа болоогүй байна!
2025-06-11 00:06:27,267 [INFO] ⚠️ Хадгаламжийн хүү тооцох хугацаа болоогүй байна!
2025-06-11 00:06:27,272 [INFO] ✅ counting async database-д амжилттай холбогдлоо: C:\Users\Haier\Desktop\MongolBot\mongolbot\data\counting.db
2025-06-11 00:06:27,273 [ERROR] ❌ Counting database үүсгэхэд алдаа: threads can only be started once
2025-06-11 00:06:27,282 [INFO] ✅ serverbank async database-д амжилттай холбогдлоо: C:\Users\Haier\Desktop\MongolBot\mongolbot\data\serverbank.db
2025-06-11 00:06:27,283 [ERROR] Task exception was never retrieved
future: <Task finished name='Task-11' coro=<ServerBank.setup() done, defined at C:\Users\Haier\Desktop\MongolBot\mongolbot\cogs\economy\serverbank.py:11> exception=RuntimeError('threads can only be started once')>
Traceback (most recent call last):
  File "C:\Users\Haier\Desktop\MongolBot\mongolbot\cogs\economy\serverbank.py", line 12, in setup
    async with await get_async_connection('serverbank') as conn:
               ^^^^^^^^^^^^^^^^^^^^^^^^^^^^^^^^^^^^^^^^
  File "C:\Users\Haier\AppData\Roaming\Python\Python312\site-packages\aiosqlite\core.py", line 143, in __aenter__
    return await self
           ^^^^^^^^^^
  File "C:\Users\Haier\AppData\Roaming\Python\Python312\site-packages\aiosqlite\core.py", line 139, in __await__
    self.start()
  File "C:\Python312\Lib\threading.py", line 989, in start
    raise RuntimeError("threads can only be started once")
RuntimeError: threads can only be started once
2025-06-11 00:06:27,834 [INFO] ✅ Ачаалсан: cogs.admin.admin
2025-06-11 00:06:27,837 [INFO] ✅ Ачаалсан: cogs.admin.channel
2025-06-11 00:06:27,839 [INFO] ✅ Ачаалсан: cogs.admin.owner
2025-06-11 00:07:27,874 [INFO] ✅ Slash командууд sync хийгдлээ: 2 команд
2025-06-11 00:07:27,875 [INFO] Sync хийгдсэн команд: post
2025-06-11 00:07:27,875 [INFO] Sync хийгдсэн команд: channel
2025-06-11 00:07:27,875 [INFO] ✅ Testing bot#5556 амжилттай холбогдлоо!
2025-06-11 00:07:54,162 [WARNING] PyNaCl is not installed, voice will NOT be supported
2025-06-11 00:07:54,164 [INFO] logging in using static token
2025-06-11 00:07:58,373 [INFO] Shard ID None has connected to Gateway (Session ID: 846bea723131cb55af41eef28caa7f60).
2025-06-11 00:08:00,464 [INFO] ✅ main async database-д амжилттай холбогдлоо: C:\Users\Haier\Desktop\MongolBot\mongolbot\data\bot.db
2025-06-11 00:08:00,465 [ERROR] ❌ Префикс систем эхлүүлэхэд алдаа гарлаа: threads can only be started once
2025-06-11 00:08:00,502 [INFO] ✅ VIP систем ачаалагдлаа
2025-06-11 00:08:00,514 [INFO] ✅ economy database-д амжилттай холбогдлоо: C:\Users\Haier\Desktop\MongolBot\mongolbot\data\economy.db
2025-06-11 00:08:00,522 [INFO] ✅ Ачаалсан: cogs.economy.bank
2025-06-11 00:08:00,526 [INFO] ✅ economy database-д амжилттай холбогдлоо: C:\Users\Haier\Desktop\MongolBot\mongolbot\data\economy.db
2025-06-11 00:08:00,527 [INFO] ✅ Ачаалсан: cogs.economy.economy
2025-06-11 00:08:00,528 [INFO] ✅ Ачаалсан: cogs.economy.serverbank
2025-06-11 00:08:00,533 [INFO] ✅ Ачаалсан: cogs.games.buh
2025-06-11 00:08:00,535 [INFO] ✅ Ачаалсан: cogs.games.count
2025-06-11 00:08:00,536 [INFO] ✅ Ачаалсан: cogs.games.buttondate
2025-06-11 00:08:00,538 [INFO] ✅ Ачаалсан: cogs.games.horseracing
2025-06-11 00:08:00,545 [INFO] ⚠️ Зээлийн хүү тооцох хугацаа болоогүй байна!
2025-06-11 00:08:00,546 [INFO] ⚠️ Хадгаламжийн хүү тооцох хугацаа болоогүй байна!
2025-06-11 00:08:00,548 [INFO] ✅ economy async database-д амжилттай холбогдлоо: C:\Users\Haier\Desktop\MongolBot\mongolbot\data\economy.db
2025-06-11 00:08:00,549 [ERROR] ❌ VIP database тохируулахад алдаа: threads can only be started once
2025-06-11 00:08:00,558 [INFO] ✅ serverbank async database-д амжилттай холбогдлоо: C:\Users\Haier\Desktop\MongolBot\mongolbot\data\serverbank.db
2025-06-11 00:08:00,559 [ERROR] Task exception was never retrieved
future: <Task finished name='Task-12' coro=<ServerBank.setup() done, defined at C:\Users\Haier\Desktop\MongolBot\mongolbot\cogs\economy\serverbank.py:11> exception=RuntimeError('threads can only be started once')>
Traceback (most recent call last):
  File "C:\Users\Haier\Desktop\MongolBot\mongolbot\cogs\economy\serverbank.py", line 12, in setup
    async with await get_async_connection('serverbank') as conn:
               ^^^^^^^^^^^^^^^^^^^^^^^^^^^^^^^^^^^^^^^^
  File "C:\Users\Haier\AppData\Roaming\Python\Python312\site-packages\aiosqlite\core.py", line 143, in __aenter__
    return await self
           ^^^^^^^^^^
  File "C:\Users\Haier\AppData\Roaming\Python\Python312\site-packages\aiosqlite\core.py", line 139, in __await__
    self.start()
  File "C:\Python312\Lib\threading.py", line 989, in start
    raise RuntimeError("threads can only be started once")
RuntimeError: threads can only be started once
2025-06-11 00:08:00,561 [INFO] ✅ counting async database-д амжилттай холбогдлоо: C:\Users\Haier\Desktop\MongolBot\mongolbot\data\counting.db
2025-06-11 00:08:00,561 [ERROR] ❌ Counting database үүсгэхэд алдаа: threads can only be started once
2025-06-11 00:08:01,142 [INFO] ✅ Ачаалсан: cogs.admin.admin
2025-06-11 00:08:01,144 [INFO] ✅ Ачаалсан: cogs.admin.channel
2025-06-11 00:08:01,146 [INFO] ✅ Ачаалсан: cogs.admin.owner
2025-06-11 00:09:01,102 [INFO] ✅ Slash командууд sync хийгдлээ: 2 команд
2025-06-11 00:09:01,102 [INFO] Sync хийгдсэн команд: post
2025-06-11 00:09:01,102 [INFO] Sync хийгдсэн команд: channel
2025-06-11 00:09:01,103 [INFO] ✅ Testing bot#5556 амжилттай холбогдлоо!
2025-06-11 00:09:24,583 [INFO] ✅ Мэдээллийн сан амжилттай хаагдлаа.
2025-06-11 00:11:07,307 [WARNING] PyNaCl is not installed, voice will NOT be supported
2025-06-11 00:11:07,309 [INFO] logging in using static token
2025-06-11 00:11:12,086 [INFO] Shard ID None has connected to Gateway (Session ID: cfb4f203e44fda590289fe703e89e498).
2025-06-11 00:11:14,152 [INFO] ✅ main async database-д амжилттай холбогдлоо: C:\Users\Haier\Desktop\MongolBot\mongolbot\data\bot.db
2025-06-11 00:11:14,162 [INFO] ✅ main async database-д амжилттай холбогдлоо: C:\Users\Haier\Desktop\MongolBot\mongolbot\data\bot.db
2025-06-11 00:11:14,163 [INFO] ✅ Префиксүүд амжилттай ачаалагдлаа
2025-06-11 00:11:14,163 [INFO] ✅ Префикс систем амжилттай эхэллээ
2025-06-11 00:11:14,173 [INFO] ✅ VIP систем ачаалагдлаа
2025-06-11 00:11:14,178 [INFO] ✅ economy database-д амжилттай холбогдлоо: C:\Users\Haier\Desktop\MongolBot\mongolbot\data\economy.db
2025-06-11 00:11:14,184 [INFO] ✅ Ачаалсан: cogs.economy.bank
2025-06-11 00:11:14,187 [INFO] ✅ economy database-д амжилттай холбогдлоо: C:\Users\Haier\Desktop\MongolBot\mongolbot\data\economy.db
2025-06-11 00:11:14,187 [INFO] ✅ Ачаалсан: cogs.economy.economy
2025-06-11 00:11:14,190 [INFO] ✅ Ачаалсан: cogs.economy.serverbank
2025-06-11 00:11:14,194 [INFO] ✅ Ачаалсан: cogs.games.buh
2025-06-11 00:11:14,196 [INFO] ✅ Ачаалсан: cogs.games.count
2025-06-11 00:11:14,198 [INFO] ✅ Ачаалсан: cogs.games.buttondate
2025-06-11 00:11:14,200 [INFO] ✅ Ачаалсан: cogs.games.horseracing
2025-06-11 00:11:14,210 [INFO] ⚠️ Зээлийн хүү тооцох хугацаа болоогүй байна!
2025-06-11 00:11:14,211 [INFO] ⚠️ Хадгаламжийн хүү тооцох хугацаа болоогүй байна!
2025-06-11 00:11:14,212 [INFO] ✅ economy async database-д амжилттай холбогдлоо: C:\Users\Haier\Desktop\MongolBot\mongolbot\data\economy.db
2025-06-11 00:11:14,212 [INFO] ✅ VIP хүснэгтийг шалгаж дууслаа!
2025-06-11 00:11:14,216 [INFO] ✅ economy async database-д амжилттай холбогдлоо: C:\Users\Haier\Desktop\MongolBot\mongolbot\data\economy.db
2025-06-11 00:11:14,217 [INFO] ✅ VIP хүснэгтийг шалгаж дууслаа!
2025-06-11 00:11:14,219 [INFO] ✅ economy async database-д амжилттай холбогдлоо: C:\Users\Haier\Desktop\MongolBot\mongolbot\data\economy.db
2025-06-11 00:11:14,220 [INFO] ✅ VIP хүснэгтийг шалгаж дууслаа!
2025-06-11 00:11:14,221 [ERROR] ❌ Мэдээллийн сантай холбогдож чадсангүй
2025-06-11 00:11:14,224 [INFO] ✅ counting async database-д амжилттай холбогдлоо: C:\Users\Haier\Desktop\MongolBot\mongolbot\data\counting.db
2025-06-11 00:11:14,224 [INFO] ✅ serverbank async database-д амжилттай холбогдлоо: C:\Users\Haier\Desktop\MongolBot\mongolbot\data\serverbank.db
2025-06-11 00:11:14,232 [INFO] ✅ Counting database амжилттай үүслээ
2025-06-11 00:11:15,046 [INFO] ✅ Ачаалсан: cogs.admin.admin
2025-06-11 00:11:15,079 [INFO] ✅ Ачаалсан: cogs.admin.channel
2025-06-11 00:11:15,113 [INFO] ✅ Ачаалсан: cogs.admin.owner
2025-06-11 00:12:14,959 [INFO] ✅ Slash командууд sync хийгдлээ: 2 команд
2025-06-11 00:12:14,960 [INFO] Sync хийгдсэн команд: post
2025-06-11 00:12:14,960 [INFO] Sync хийгдсэн команд: channel
2025-06-11 00:12:14,960 [INFO] ✅ Testing bot#5556 амжилттай холбогдлоо!
2025-06-11 00:16:58,525 [INFO] ✅ counting async database-д амжилттай холбогдлоо: C:\Users\Haier\Desktop\MongolBot\mongolbot\data\counting.db
2025-06-11 00:17:08,133 [INFO] ✅ counting async database-д амжилттай холбогдлоо: C:\Users\Haier\Desktop\MongolBot\mongolbot\data\counting.db
2025-06-11 00:17:21,484 [INFO] ✅ counting async database-д амжилттай холбогдлоо: C:\Users\Haier\Desktop\MongolBot\mongolbot\data\counting.db
2025-06-11 00:23:00,416 [WARNING] PyNaCl is not installed, voice will NOT be supported
2025-06-11 00:23:00,417 [INFO] logging in using static token
2025-06-11 00:23:04,670 [INFO] Shard ID None has connected to Gateway (Session ID: 93c2a969a8e2a3fa9c0e91ccff3caa2e).
2025-06-11 00:23:06,734 [INFO] ✅ main async database-д амжилттай холбогдлоо: C:\Users\Haier\Desktop\MongolBot\mongolbot\data\bot.db
2025-06-11 00:23:06,736 [INFO] ✅ main async database-д амжилттай холбогдлоо: C:\Users\Haier\Desktop\MongolBot\mongolbot\data\bot.db
2025-06-11 00:23:06,737 [INFO] ✅ Префиксүүд амжилттай ачаалагдлаа
2025-06-11 00:23:06,737 [INFO] ✅ Префикс систем амжилттай эхэллээ
2025-06-11 00:23:06,784 [INFO] ✅ VIP систем ачаалагдлаа
2025-06-11 00:23:06,787 [INFO] ✅ economy database-д амжилттай холбогдлоо: C:\Users\Haier\Desktop\MongolBot\mongolbot\data\economy.db
2025-06-11 00:23:06,795 [INFO] ✅ Ачаалсан: cogs.economy.bank
2025-06-11 00:23:06,799 [INFO] ✅ economy database-д амжилттай холбогдлоо: C:\Users\Haier\Desktop\MongolBot\mongolbot\data\economy.db
2025-06-11 00:23:06,800 [INFO] ✅ Ачаалсан: cogs.economy.economy
2025-06-11 00:23:06,802 [INFO] ✅ Ачаалсан: cogs.economy.serverbank
2025-06-11 00:23:06,804 [INFO] ✅ Ачаалсан: cogs.games.buh
2025-06-11 00:23:06,821 [ERROR] 🚨 Ачаалж чадсангүй: cogs.games.count - Extension 'cogs.games.count' raised an error: IndentationError: unindent does not match any outer indentation level (count.py, line 15)
2025-06-11 00:23:06,823 [INFO] ✅ Ачаалсан: cogs.games.buttondate
2025-06-11 00:23:06,827 [ERROR] 🚨 Ачаалж чадсангүй: cogs.games.horseracing - Extension 'cogs.games.horseracing' has no 'setup' function.
2025-06-11 00:23:06,834 [INFO] ⚠️ Зээлийн хүү тооцох хугацаа болоогүй байна!
2025-06-11 00:23:06,835 [INFO] ⚠️ Хадгаламжийн хүү тооцох хугацаа болоогүй байна!
2025-06-11 00:23:06,835 [INFO] ✅ economy async database-д амжилттай холбогдлоо: C:\Users\Haier\Desktop\MongolBot\mongolbot\data\economy.db
2025-06-11 00:23:06,836 [INFO] ✅ VIP хүснэгтийг шалгаж дууслаа!
2025-06-11 00:23:06,836 [INFO] ✅ serverbank async database-д амжилттай холбогдлоо: C:\Users\Haier\Desktop\MongolBot\mongolbot\data\serverbank.db
2025-06-11 00:23:06,838 [INFO] ✅ economy async database-д амжилттай холбогдлоо: C:\Users\Haier\Desktop\MongolBot\mongolbot\data\economy.db
2025-06-11 00:23:06,838 [INFO] ✅ VIP хүснэгтийг шалгаж дууслаа!
2025-06-11 00:23:06,840 [INFO] ✅ economy async database-д амжилттай холбогдлоо: C:\Users\Haier\Desktop\MongolBot\mongolbot\data\economy.db
2025-06-11 00:23:06,840 [INFO] ✅ VIP хүснэгтийг шалгаж дууслаа!
2025-06-11 00:23:06,841 [ERROR] ❌ Мэдээллийн сантай холбогдож чадсангүй
2025-06-11 00:23:07,341 [INFO] ✅ Ачаалсан: cogs.admin.admin
2025-06-11 00:23:07,345 [INFO] ✅ Ачаалсан: cogs.admin.channel
2025-06-11 00:23:07,347 [INFO] ✅ Ачаалсан: cogs.admin.owner
2025-06-11 00:24:07,544 [INFO] ✅ Slash командууд sync хийгдлээ: 2 команд
2025-06-11 00:24:07,544 [INFO] Sync хийгдсэн команд: post
2025-06-11 00:24:07,544 [INFO] Sync хийгдсэн команд: channel
2025-06-11 00:24:07,544 [INFO] ✅ Testing bot#5556 амжилттай холбогдлоо!
2025-06-11 00:33:45,055 [ERROR] Attempting a reconnect in 0.13s
Traceback (most recent call last):
  File "C:\Users\Haier\AppData\Roaming\Python\Python312\site-packages\aiohttp\connector.py", line 1445, in _create_direct_connection
    hosts = await self._resolve_host(host, port, traces=traces)
            ^^^^^^^^^^^^^^^^^^^^^^^^^^^^^^^^^^^^^^^^^^^^^^^^^^^
  File "C:\Users\Haier\AppData\Roaming\Python\Python312\site-packages\aiohttp\connector.py", line 1061, in _resolve_host
    return await asyncio.shield(resolved_host_task)
           ^^^^^^^^^^^^^^^^^^^^^^^^^^^^^^^^^^^^^^^^
  File "C:\Users\Haier\AppData\Roaming\Python\Python312\site-packages\aiohttp\connector.py", line 1092, in _resolve_host_with_throttle
    addrs = await self._resolver.resolve(host, port, family=self._family)
            ^^^^^^^^^^^^^^^^^^^^^^^^^^^^^^^^^^^^^^^^^^^^^^^^^^^^^^^^^^^^^
  File "C:\Users\Haier\AppData\Roaming\Python\Python312\site-packages\aiohttp\resolver.py", line 40, in resolve
    infos = await self._loop.getaddrinfo(
            ^^^^^^^^^^^^^^^^^^^^^^^^^^^^^
  File "C:\Python312\Lib\asyncio\base_events.py", line 901, in getaddrinfo
    return await self.run_in_executor(
           ^^^^^^^^^^^^^^^^^^^^^^^^^^^
  File "C:\Python312\Lib\concurrent\futures\thread.py", line 58, in run
    result = self.fn(*self.args, **self.kwargs)
             ^^^^^^^^^^^^^^^^^^^^^^^^^^^^^^^^^^
  File "C:\Python312\Lib\socket.py", line 976, in getaddrinfo
    for res in _socket.getaddrinfo(host, port, family, type, proto, flags):
               ^^^^^^^^^^^^^^^^^^^^^^^^^^^^^^^^^^^^^^^^^^^^^^^^^^^^^^^^^^^
socket.gaierror: [Errno 11001] getaddrinfo failed

The above exception was the direct cause of the following exception:

Traceback (most recent call last):
  File "C:\Users\Haier\AppData\Roaming\Python\Python312\site-packages\discord\client.py", line 701, in connect
    self.ws = await asyncio.wait_for(coro, timeout=60.0)
              ^^^^^^^^^^^^^^^^^^^^^^^^^^^^^^^^^^^^^^^^^^
  File "C:\Python312\Lib\asyncio\tasks.py", line 520, in wait_for
    return await fut
           ^^^^^^^^^
  File "C:\Users\Haier\AppData\Roaming\Python\Python312\site-packages\discord\gateway.py", line 375, in from_client
    socket = await client.http.ws_connect(str(url))
             ^^^^^^^^^^^^^^^^^^^^^^^^^^^^^^^^^^^^^^
  File "C:\Users\Haier\AppData\Roaming\Python\Python312\site-packages\discord\http.py", line 554, in ws_connect
    return await self.__session.ws_connect(url, **kwargs)
           ^^^^^^^^^^^^^^^^^^^^^^^^^^^^^^^^^^^^^^^^^^^^^^
  File "C:\Users\Haier\AppData\Roaming\Python\Python312\site-packages\aiohttp\client.py", line 1052, in _ws_connect
    resp = await self.request(
           ^^^^^^^^^^^^^^^^^^^
  File "C:\Users\Haier\AppData\Roaming\Python\Python312\site-packages\aiohttp\client.py", line 761, in _request
    resp = await handler(req)
           ^^^^^^^^^^^^^^^^^^
  File "C:\Users\Haier\AppData\Roaming\Python\Python312\site-packages\aiohttp\client.py", line 716, in _connect_and_send_request
    conn = await self._connector.connect(
           ^^^^^^^^^^^^^^^^^^^^^^^^^^^^^^
  File "C:\Users\Haier\AppData\Roaming\Python\Python312\site-packages\aiohttp\connector.py", line 598, in connect
    proto = await self._create_connection(req, traces, timeout)
            ^^^^^^^^^^^^^^^^^^^^^^^^^^^^^^^^^^^^^^^^^^^^^^^^^^^
  File "C:\Users\Haier\AppData\Roaming\Python\Python312\site-packages\aiohttp\connector.py", line 1122, in _create_connection
    _, proto = await self._create_direct_connection(req, traces, timeout)
               ^^^^^^^^^^^^^^^^^^^^^^^^^^^^^^^^^^^^^^^^^^^^^^^^^^^^^^^^^^
  File "C:\Users\Haier\AppData\Roaming\Python\Python312\site-packages\aiohttp\connector.py", line 1451, in _create_direct_connection
    raise ClientConnectorDNSError(req.connection_key, exc) from exc
aiohttp.client_exceptions.ClientConnectorDNSError: Cannot connect to host gateway-us-east1-b.discord.gg:443 ssl:default [getaddrinfo failed]
2025-06-11 00:33:45,055 [ERROR] Attempting a reconnect in 1.46s
Traceback (most recent call last):
  File "C:\Users\Haier\AppData\Roaming\Python\Python312\site-packages\aiohttp\connector.py", line 1445, in _create_direct_connection
    hosts = await self._resolve_host(host, port, traces=traces)
            ^^^^^^^^^^^^^^^^^^^^^^^^^^^^^^^^^^^^^^^^^^^^^^^^^^^
  File "C:\Users\Haier\AppData\Roaming\Python\Python312\site-packages\aiohttp\connector.py", line 1061, in _resolve_host
    return await asyncio.shield(resolved_host_task)
           ^^^^^^^^^^^^^^^^^^^^^^^^^^^^^^^^^^^^^^^^
  File "C:\Users\Haier\AppData\Roaming\Python\Python312\site-packages\aiohttp\connector.py", line 1092, in _resolve_host_with_throttle
    addrs = await self._resolver.resolve(host, port, family=self._family)
            ^^^^^^^^^^^^^^^^^^^^^^^^^^^^^^^^^^^^^^^^^^^^^^^^^^^^^^^^^^^^^
  File "C:\Users\Haier\AppData\Roaming\Python\Python312\site-packages\aiohttp\resolver.py", line 40, in resolve
    infos = await self._loop.getaddrinfo(
            ^^^^^^^^^^^^^^^^^^^^^^^^^^^^^
  File "C:\Python312\Lib\asyncio\base_events.py", line 901, in getaddrinfo
    return await self.run_in_executor(
           ^^^^^^^^^^^^^^^^^^^^^^^^^^^
  File "C:\Python312\Lib\concurrent\futures\thread.py", line 58, in run
    result = self.fn(*self.args, **self.kwargs)
             ^^^^^^^^^^^^^^^^^^^^^^^^^^^^^^^^^^
  File "C:\Python312\Lib\socket.py", line 976, in getaddrinfo
    for res in _socket.getaddrinfo(host, port, family, type, proto, flags):
               ^^^^^^^^^^^^^^^^^^^^^^^^^^^^^^^^^^^^^^^^^^^^^^^^^^^^^^^^^^^
socket.gaierror: [Errno 11001] getaddrinfo failed

The above exception was the direct cause of the following exception:

Traceback (most recent call last):
  File "C:\Users\Haier\AppData\Roaming\Python\Python312\site-packages\discord\client.py", line 701, in connect
    self.ws = await asyncio.wait_for(coro, timeout=60.0)
              ^^^^^^^^^^^^^^^^^^^^^^^^^^^^^^^^^^^^^^^^^^
  File "C:\Python312\Lib\asyncio\tasks.py", line 520, in wait_for
    return await fut
           ^^^^^^^^^
  File "C:\Users\Haier\AppData\Roaming\Python\Python312\site-packages\discord\gateway.py", line 375, in from_client
    socket = await client.http.ws_connect(str(url))
             ^^^^^^^^^^^^^^^^^^^^^^^^^^^^^^^^^^^^^^
  File "C:\Users\Haier\AppData\Roaming\Python\Python312\site-packages\discord\http.py", line 554, in ws_connect
    return await self.__session.ws_connect(url, **kwargs)
           ^^^^^^^^^^^^^^^^^^^^^^^^^^^^^^^^^^^^^^^^^^^^^^
  File "C:\Users\Haier\AppData\Roaming\Python\Python312\site-packages\aiohttp\client.py", line 1052, in _ws_connect
    resp = await self.request(
           ^^^^^^^^^^^^^^^^^^^
  File "C:\Users\Haier\AppData\Roaming\Python\Python312\site-packages\aiohttp\client.py", line 761, in _request
    resp = await handler(req)
           ^^^^^^^^^^^^^^^^^^
  File "C:\Users\Haier\AppData\Roaming\Python\Python312\site-packages\aiohttp\client.py", line 716, in _connect_and_send_request
    conn = await self._connector.connect(
           ^^^^^^^^^^^^^^^^^^^^^^^^^^^^^^
  File "C:\Users\Haier\AppData\Roaming\Python\Python312\site-packages\aiohttp\connector.py", line 598, in connect
    proto = await self._create_connection(req, traces, timeout)
            ^^^^^^^^^^^^^^^^^^^^^^^^^^^^^^^^^^^^^^^^^^^^^^^^^^^
  File "C:\Users\Haier\AppData\Roaming\Python\Python312\site-packages\aiohttp\connector.py", line 1122, in _create_connection
    _, proto = await self._create_direct_connection(req, traces, timeout)
               ^^^^^^^^^^^^^^^^^^^^^^^^^^^^^^^^^^^^^^^^^^^^^^^^^^^^^^^^^^
  File "C:\Users\Haier\AppData\Roaming\Python\Python312\site-packages\aiohttp\connector.py", line 1451, in _create_direct_connection
    raise ClientConnectorDNSError(req.connection_key, exc) from exc
aiohttp.client_exceptions.ClientConnectorDNSError: Cannot connect to host gateway-us-east1-b.discord.gg:443 ssl:default [getaddrinfo failed]
2025-06-11 00:33:56,477 [ERROR] Attempting a reconnect in 1.14s
Traceback (most recent call last):
  File "C:\Users\Haier\AppData\Roaming\Python\Python312\site-packages\aiohttp\connector.py", line 1445, in _create_direct_connection
    hosts = await self._resolve_host(host, port, traces=traces)
            ^^^^^^^^^^^^^^^^^^^^^^^^^^^^^^^^^^^^^^^^^^^^^^^^^^^
  File "C:\Users\Haier\AppData\Roaming\Python\Python312\site-packages\aiohttp\connector.py", line 1061, in _resolve_host
    return await asyncio.shield(resolved_host_task)
           ^^^^^^^^^^^^^^^^^^^^^^^^^^^^^^^^^^^^^^^^
  File "C:\Users\Haier\AppData\Roaming\Python\Python312\site-packages\aiohttp\connector.py", line 1092, in _resolve_host_with_throttle
    addrs = await self._resolver.resolve(host, port, family=self._family)
            ^^^^^^^^^^^^^^^^^^^^^^^^^^^^^^^^^^^^^^^^^^^^^^^^^^^^^^^^^^^^^
  File "C:\Users\Haier\AppData\Roaming\Python\Python312\site-packages\aiohttp\resolver.py", line 40, in resolve
    infos = await self._loop.getaddrinfo(
            ^^^^^^^^^^^^^^^^^^^^^^^^^^^^^
  File "C:\Python312\Lib\asyncio\base_events.py", line 901, in getaddrinfo
    return await self.run_in_executor(
           ^^^^^^^^^^^^^^^^^^^^^^^^^^^
  File "C:\Python312\Lib\concurrent\futures\thread.py", line 58, in run
    result = self.fn(*self.args, **self.kwargs)
             ^^^^^^^^^^^^^^^^^^^^^^^^^^^^^^^^^^
  File "C:\Python312\Lib\socket.py", line 976, in getaddrinfo
    for res in _socket.getaddrinfo(host, port, family, type, proto, flags):
               ^^^^^^^^^^^^^^^^^^^^^^^^^^^^^^^^^^^^^^^^^^^^^^^^^^^^^^^^^^^
socket.gaierror: [Errno 11001] getaddrinfo failed

The above exception was the direct cause of the following exception:

Traceback (most recent call last):
  File "C:\Users\Haier\AppData\Roaming\Python\Python312\site-packages\discord\client.py", line 701, in connect
    self.ws = await asyncio.wait_for(coro, timeout=60.0)
              ^^^^^^^^^^^^^^^^^^^^^^^^^^^^^^^^^^^^^^^^^^
  File "C:\Python312\Lib\asyncio\tasks.py", line 520, in wait_for
    return await fut
           ^^^^^^^^^
  File "C:\Users\Haier\AppData\Roaming\Python\Python312\site-packages\discord\gateway.py", line 375, in from_client
    socket = await client.http.ws_connect(str(url))
             ^^^^^^^^^^^^^^^^^^^^^^^^^^^^^^^^^^^^^^
  File "C:\Users\Haier\AppData\Roaming\Python\Python312\site-packages\discord\http.py", line 554, in ws_connect
    return await self.__session.ws_connect(url, **kwargs)
           ^^^^^^^^^^^^^^^^^^^^^^^^^^^^^^^^^^^^^^^^^^^^^^
  File "C:\Users\Haier\AppData\Roaming\Python\Python312\site-packages\aiohttp\client.py", line 1052, in _ws_connect
    resp = await self.request(
           ^^^^^^^^^^^^^^^^^^^
  File "C:\Users\Haier\AppData\Roaming\Python\Python312\site-packages\aiohttp\client.py", line 761, in _request
    resp = await handler(req)
           ^^^^^^^^^^^^^^^^^^
  File "C:\Users\Haier\AppData\Roaming\Python\Python312\site-packages\aiohttp\client.py", line 716, in _connect_and_send_request
    conn = await self._connector.connect(
           ^^^^^^^^^^^^^^^^^^^^^^^^^^^^^^
  File "C:\Users\Haier\AppData\Roaming\Python\Python312\site-packages\aiohttp\connector.py", line 598, in connect
    proto = await self._create_connection(req, traces, timeout)
            ^^^^^^^^^^^^^^^^^^^^^^^^^^^^^^^^^^^^^^^^^^^^^^^^^^^
  File "C:\Users\Haier\AppData\Roaming\Python\Python312\site-packages\aiohttp\connector.py", line 1122, in _create_connection
    _, proto = await self._create_direct_connection(req, traces, timeout)
               ^^^^^^^^^^^^^^^^^^^^^^^^^^^^^^^^^^^^^^^^^^^^^^^^^^^^^^^^^^
  File "C:\Users\Haier\AppData\Roaming\Python\Python312\site-packages\aiohttp\connector.py", line 1451, in _create_direct_connection
    raise ClientConnectorDNSError(req.connection_key, exc) from exc
aiohttp.client_exceptions.ClientConnectorDNSError: Cannot connect to host gateway-us-east1-b.discord.gg:443 ssl:default [getaddrinfo failed]
2025-06-11 00:33:56,477 [ERROR] Attempting a reconnect in 1.01s
Traceback (most recent call last):
  File "C:\Users\Haier\AppData\Roaming\Python\Python312\site-packages\aiohttp\connector.py", line 1445, in _create_direct_connection
    hosts = await self._resolve_host(host, port, traces=traces)
            ^^^^^^^^^^^^^^^^^^^^^^^^^^^^^^^^^^^^^^^^^^^^^^^^^^^
  File "C:\Users\Haier\AppData\Roaming\Python\Python312\site-packages\aiohttp\connector.py", line 1061, in _resolve_host
    return await asyncio.shield(resolved_host_task)
           ^^^^^^^^^^^^^^^^^^^^^^^^^^^^^^^^^^^^^^^^
  File "C:\Users\Haier\AppData\Roaming\Python\Python312\site-packages\aiohttp\connector.py", line 1092, in _resolve_host_with_throttle
    addrs = await self._resolver.resolve(host, port, family=self._family)
            ^^^^^^^^^^^^^^^^^^^^^^^^^^^^^^^^^^^^^^^^^^^^^^^^^^^^^^^^^^^^^
  File "C:\Users\Haier\AppData\Roaming\Python\Python312\site-packages\aiohttp\resolver.py", line 40, in resolve
    infos = await self._loop.getaddrinfo(
            ^^^^^^^^^^^^^^^^^^^^^^^^^^^^^
  File "C:\Python312\Lib\asyncio\base_events.py", line 901, in getaddrinfo
    return await self.run_in_executor(
           ^^^^^^^^^^^^^^^^^^^^^^^^^^^
  File "C:\Python312\Lib\concurrent\futures\thread.py", line 58, in run
    result = self.fn(*self.args, **self.kwargs)
             ^^^^^^^^^^^^^^^^^^^^^^^^^^^^^^^^^^
  File "C:\Python312\Lib\socket.py", line 976, in getaddrinfo
    for res in _socket.getaddrinfo(host, port, family, type, proto, flags):
               ^^^^^^^^^^^^^^^^^^^^^^^^^^^^^^^^^^^^^^^^^^^^^^^^^^^^^^^^^^^
socket.gaierror: [Errno 11001] getaddrinfo failed

The above exception was the direct cause of the following exception:

Traceback (most recent call last):
  File "C:\Users\Haier\AppData\Roaming\Python\Python312\site-packages\discord\client.py", line 701, in connect
    self.ws = await asyncio.wait_for(coro, timeout=60.0)
              ^^^^^^^^^^^^^^^^^^^^^^^^^^^^^^^^^^^^^^^^^^
  File "C:\Python312\Lib\asyncio\tasks.py", line 520, in wait_for
    return await fut
           ^^^^^^^^^
  File "C:\Users\Haier\AppData\Roaming\Python\Python312\site-packages\discord\gateway.py", line 375, in from_client
    socket = await client.http.ws_connect(str(url))
             ^^^^^^^^^^^^^^^^^^^^^^^^^^^^^^^^^^^^^^
  File "C:\Users\Haier\AppData\Roaming\Python\Python312\site-packages\discord\http.py", line 554, in ws_connect
    return await self.__session.ws_connect(url, **kwargs)
           ^^^^^^^^^^^^^^^^^^^^^^^^^^^^^^^^^^^^^^^^^^^^^^
  File "C:\Users\Haier\AppData\Roaming\Python\Python312\site-packages\aiohttp\client.py", line 1052, in _ws_connect
    resp = await self.request(
           ^^^^^^^^^^^^^^^^^^^
  File "C:\Users\Haier\AppData\Roaming\Python\Python312\site-packages\aiohttp\client.py", line 761, in _request
    resp = await handler(req)
           ^^^^^^^^^^^^^^^^^^
  File "C:\Users\Haier\AppData\Roaming\Python\Python312\site-packages\aiohttp\client.py", line 716, in _connect_and_send_request
    conn = await self._connector.connect(
           ^^^^^^^^^^^^^^^^^^^^^^^^^^^^^^
  File "C:\Users\Haier\AppData\Roaming\Python\Python312\site-packages\aiohttp\connector.py", line 598, in connect
    proto = await self._create_connection(req, traces, timeout)
            ^^^^^^^^^^^^^^^^^^^^^^^^^^^^^^^^^^^^^^^^^^^^^^^^^^^
  File "C:\Users\Haier\AppData\Roaming\Python\Python312\site-packages\aiohttp\connector.py", line 1122, in _create_connection
    _, proto = await self._create_direct_connection(req, traces, timeout)
               ^^^^^^^^^^^^^^^^^^^^^^^^^^^^^^^^^^^^^^^^^^^^^^^^^^^^^^^^^^
  File "C:\Users\Haier\AppData\Roaming\Python\Python312\site-packages\aiohttp\connector.py", line 1451, in _create_direct_connection
    raise ClientConnectorDNSError(req.connection_key, exc) from exc
aiohttp.client_exceptions.ClientConnectorDNSError: Cannot connect to host gateway-us-east1-b.discord.gg:443 ssl:default [getaddrinfo failed]
2025-06-11 00:33:57,515 [ERROR] Attempting a reconnect in 5.46s
Traceback (most recent call last):
  File "C:\Users\Haier\AppData\Roaming\Python\Python312\site-packages\aiohttp\connector.py", line 1445, in _create_direct_connection
    hosts = await self._resolve_host(host, port, traces=traces)
            ^^^^^^^^^^^^^^^^^^^^^^^^^^^^^^^^^^^^^^^^^^^^^^^^^^^
  File "C:\Users\Haier\AppData\Roaming\Python\Python312\site-packages\aiohttp\connector.py", line 1061, in _resolve_host
    return await asyncio.shield(resolved_host_task)
           ^^^^^^^^^^^^^^^^^^^^^^^^^^^^^^^^^^^^^^^^
  File "C:\Users\Haier\AppData\Roaming\Python\Python312\site-packages\aiohttp\connector.py", line 1092, in _resolve_host_with_throttle
    addrs = await self._resolver.resolve(host, port, family=self._family)
            ^^^^^^^^^^^^^^^^^^^^^^^^^^^^^^^^^^^^^^^^^^^^^^^^^^^^^^^^^^^^^
  File "C:\Users\Haier\AppData\Roaming\Python\Python312\site-packages\aiohttp\resolver.py", line 40, in resolve
    infos = await self._loop.getaddrinfo(
            ^^^^^^^^^^^^^^^^^^^^^^^^^^^^^
  File "C:\Python312\Lib\asyncio\base_events.py", line 901, in getaddrinfo
    return await self.run_in_executor(
           ^^^^^^^^^^^^^^^^^^^^^^^^^^^
  File "C:\Python312\Lib\concurrent\futures\thread.py", line 58, in run
    result = self.fn(*self.args, **self.kwargs)
             ^^^^^^^^^^^^^^^^^^^^^^^^^^^^^^^^^^
  File "C:\Python312\Lib\socket.py", line 976, in getaddrinfo
    for res in _socket.getaddrinfo(host, port, family, type, proto, flags):
               ^^^^^^^^^^^^^^^^^^^^^^^^^^^^^^^^^^^^^^^^^^^^^^^^^^^^^^^^^^^
socket.gaierror: [Errno 11001] getaddrinfo failed

The above exception was the direct cause of the following exception:

Traceback (most recent call last):
  File "C:\Users\Haier\AppData\Roaming\Python\Python312\site-packages\discord\client.py", line 701, in connect
    self.ws = await asyncio.wait_for(coro, timeout=60.0)
              ^^^^^^^^^^^^^^^^^^^^^^^^^^^^^^^^^^^^^^^^^^
  File "C:\Python312\Lib\asyncio\tasks.py", line 520, in wait_for
    return await fut
           ^^^^^^^^^
  File "C:\Users\Haier\AppData\Roaming\Python\Python312\site-packages\discord\gateway.py", line 375, in from_client
    socket = await client.http.ws_connect(str(url))
             ^^^^^^^^^^^^^^^^^^^^^^^^^^^^^^^^^^^^^^
  File "C:\Users\Haier\AppData\Roaming\Python\Python312\site-packages\discord\http.py", line 554, in ws_connect
    return await self.__session.ws_connect(url, **kwargs)
           ^^^^^^^^^^^^^^^^^^^^^^^^^^^^^^^^^^^^^^^^^^^^^^
  File "C:\Users\Haier\AppData\Roaming\Python\Python312\site-packages\aiohttp\client.py", line 1052, in _ws_connect
    resp = await self.request(
           ^^^^^^^^^^^^^^^^^^^
  File "C:\Users\Haier\AppData\Roaming\Python\Python312\site-packages\aiohttp\client.py", line 761, in _request
    resp = await handler(req)
           ^^^^^^^^^^^^^^^^^^
  File "C:\Users\Haier\AppData\Roaming\Python\Python312\site-packages\aiohttp\client.py", line 716, in _connect_and_send_request
    conn = await self._connector.connect(
           ^^^^^^^^^^^^^^^^^^^^^^^^^^^^^^
  File "C:\Users\Haier\AppData\Roaming\Python\Python312\site-packages\aiohttp\connector.py", line 598, in connect
    proto = await self._create_connection(req, traces, timeout)
            ^^^^^^^^^^^^^^^^^^^^^^^^^^^^^^^^^^^^^^^^^^^^^^^^^^^
  File "C:\Users\Haier\AppData\Roaming\Python\Python312\site-packages\aiohttp\connector.py", line 1122, in _create_connection
    _, proto = await self._create_direct_connection(req, traces, timeout)
               ^^^^^^^^^^^^^^^^^^^^^^^^^^^^^^^^^^^^^^^^^^^^^^^^^^^^^^^^^^
  File "C:\Users\Haier\AppData\Roaming\Python\Python312\site-packages\aiohttp\connector.py", line 1451, in _create_direct_connection
    raise ClientConnectorDNSError(req.connection_key, exc) from exc
aiohttp.client_exceptions.ClientConnectorDNSError: Cannot connect to host gateway-us-east1-b.discord.gg:443 ssl:default [getaddrinfo failed]
2025-06-11 00:33:57,637 [ERROR] Attempting a reconnect in 3.46s
Traceback (most recent call last):
  File "C:\Users\Haier\AppData\Roaming\Python\Python312\site-packages\aiohttp\connector.py", line 1445, in _create_direct_connection
    hosts = await self._resolve_host(host, port, traces=traces)
            ^^^^^^^^^^^^^^^^^^^^^^^^^^^^^^^^^^^^^^^^^^^^^^^^^^^
  File "C:\Users\Haier\AppData\Roaming\Python\Python312\site-packages\aiohttp\connector.py", line 1061, in _resolve_host
    return await asyncio.shield(resolved_host_task)
           ^^^^^^^^^^^^^^^^^^^^^^^^^^^^^^^^^^^^^^^^
  File "C:\Users\Haier\AppData\Roaming\Python\Python312\site-packages\aiohttp\connector.py", line 1092, in _resolve_host_with_throttle
    addrs = await self._resolver.resolve(host, port, family=self._family)
            ^^^^^^^^^^^^^^^^^^^^^^^^^^^^^^^^^^^^^^^^^^^^^^^^^^^^^^^^^^^^^
  File "C:\Users\Haier\AppData\Roaming\Python\Python312\site-packages\aiohttp\resolver.py", line 40, in resolve
    infos = await self._loop.getaddrinfo(
            ^^^^^^^^^^^^^^^^^^^^^^^^^^^^^
  File "C:\Python312\Lib\asyncio\base_events.py", line 901, in getaddrinfo
    return await self.run_in_executor(
           ^^^^^^^^^^^^^^^^^^^^^^^^^^^
  File "C:\Python312\Lib\concurrent\futures\thread.py", line 58, in run
    result = self.fn(*self.args, **self.kwargs)
             ^^^^^^^^^^^^^^^^^^^^^^^^^^^^^^^^^^
  File "C:\Python312\Lib\socket.py", line 976, in getaddrinfo
    for res in _socket.getaddrinfo(host, port, family, type, proto, flags):
               ^^^^^^^^^^^^^^^^^^^^^^^^^^^^^^^^^^^^^^^^^^^^^^^^^^^^^^^^^^^
socket.gaierror: [Errno 11001] getaddrinfo failed

The above exception was the direct cause of the following exception:

Traceback (most recent call last):
  File "C:\Users\Haier\AppData\Roaming\Python\Python312\site-packages\discord\client.py", line 701, in connect
    self.ws = await asyncio.wait_for(coro, timeout=60.0)
              ^^^^^^^^^^^^^^^^^^^^^^^^^^^^^^^^^^^^^^^^^^
  File "C:\Python312\Lib\asyncio\tasks.py", line 520, in wait_for
    return await fut
           ^^^^^^^^^
  File "C:\Users\Haier\AppData\Roaming\Python\Python312\site-packages\discord\gateway.py", line 375, in from_client
    socket = await client.http.ws_connect(str(url))
             ^^^^^^^^^^^^^^^^^^^^^^^^^^^^^^^^^^^^^^
  File "C:\Users\Haier\AppData\Roaming\Python\Python312\site-packages\discord\http.py", line 554, in ws_connect
    return await self.__session.ws_connect(url, **kwargs)
           ^^^^^^^^^^^^^^^^^^^^^^^^^^^^^^^^^^^^^^^^^^^^^^
  File "C:\Users\Haier\AppData\Roaming\Python\Python312\site-packages\aiohttp\client.py", line 1052, in _ws_connect
    resp = await self.request(
           ^^^^^^^^^^^^^^^^^^^
  File "C:\Users\Haier\AppData\Roaming\Python\Python312\site-packages\aiohttp\client.py", line 761, in _request
    resp = await handler(req)
           ^^^^^^^^^^^^^^^^^^
  File "C:\Users\Haier\AppData\Roaming\Python\Python312\site-packages\aiohttp\client.py", line 716, in _connect_and_send_request
    conn = await self._connector.connect(
           ^^^^^^^^^^^^^^^^^^^^^^^^^^^^^^
  File "C:\Users\Haier\AppData\Roaming\Python\Python312\site-packages\aiohttp\connector.py", line 598, in connect
    proto = await self._create_connection(req, traces, timeout)
            ^^^^^^^^^^^^^^^^^^^^^^^^^^^^^^^^^^^^^^^^^^^^^^^^^^^
  File "C:\Users\Haier\AppData\Roaming\Python\Python312\site-packages\aiohttp\connector.py", line 1122, in _create_connection
    _, proto = await self._create_direct_connection(req, traces, timeout)
               ^^^^^^^^^^^^^^^^^^^^^^^^^^^^^^^^^^^^^^^^^^^^^^^^^^^^^^^^^^
  File "C:\Users\Haier\AppData\Roaming\Python\Python312\site-packages\aiohttp\connector.py", line 1451, in _create_direct_connection
    raise ClientConnectorDNSError(req.connection_key, exc) from exc
aiohttp.client_exceptions.ClientConnectorDNSError: Cannot connect to host gateway-us-east1-b.discord.gg:443 ssl:default [getaddrinfo failed]
2025-06-11 00:34:01,127 [ERROR] Attempting a reconnect in 4.79s
Traceback (most recent call last):
  File "C:\Users\Haier\AppData\Roaming\Python\Python312\site-packages\aiohttp\connector.py", line 1445, in _create_direct_connection
    hosts = await self._resolve_host(host, port, traces=traces)
            ^^^^^^^^^^^^^^^^^^^^^^^^^^^^^^^^^^^^^^^^^^^^^^^^^^^
  File "C:\Users\Haier\AppData\Roaming\Python\Python312\site-packages\aiohttp\connector.py", line 1061, in _resolve_host
    return await asyncio.shield(resolved_host_task)
           ^^^^^^^^^^^^^^^^^^^^^^^^^^^^^^^^^^^^^^^^
  File "C:\Users\Haier\AppData\Roaming\Python\Python312\site-packages\aiohttp\connector.py", line 1092, in _resolve_host_with_throttle
    addrs = await self._resolver.resolve(host, port, family=self._family)
            ^^^^^^^^^^^^^^^^^^^^^^^^^^^^^^^^^^^^^^^^^^^^^^^^^^^^^^^^^^^^^
  File "C:\Users\Haier\AppData\Roaming\Python\Python312\site-packages\aiohttp\resolver.py", line 40, in resolve
    infos = await self._loop.getaddrinfo(
            ^^^^^^^^^^^^^^^^^^^^^^^^^^^^^
  File "C:\Python312\Lib\asyncio\base_events.py", line 901, in getaddrinfo
    return await self.run_in_executor(
           ^^^^^^^^^^^^^^^^^^^^^^^^^^^
  File "C:\Python312\Lib\concurrent\futures\thread.py", line 58, in run
    result = self.fn(*self.args, **self.kwargs)
             ^^^^^^^^^^^^^^^^^^^^^^^^^^^^^^^^^^
  File "C:\Python312\Lib\socket.py", line 976, in getaddrinfo
    for res in _socket.getaddrinfo(host, port, family, type, proto, flags):
               ^^^^^^^^^^^^^^^^^^^^^^^^^^^^^^^^^^^^^^^^^^^^^^^^^^^^^^^^^^^
socket.gaierror: [Errno 11001] getaddrinfo failed

The above exception was the direct cause of the following exception:

Traceback (most recent call last):
  File "C:\Users\Haier\AppData\Roaming\Python\Python312\site-packages\discord\client.py", line 701, in connect
    self.ws = await asyncio.wait_for(coro, timeout=60.0)
              ^^^^^^^^^^^^^^^^^^^^^^^^^^^^^^^^^^^^^^^^^^
  File "C:\Python312\Lib\asyncio\tasks.py", line 520, in wait_for
    return await fut
           ^^^^^^^^^
  File "C:\Users\Haier\AppData\Roaming\Python\Python312\site-packages\discord\gateway.py", line 375, in from_client
    socket = await client.http.ws_connect(str(url))
             ^^^^^^^^^^^^^^^^^^^^^^^^^^^^^^^^^^^^^^
  File "C:\Users\Haier\AppData\Roaming\Python\Python312\site-packages\discord\http.py", line 554, in ws_connect
    return await self.__session.ws_connect(url, **kwargs)
           ^^^^^^^^^^^^^^^^^^^^^^^^^^^^^^^^^^^^^^^^^^^^^^
  File "C:\Users\Haier\AppData\Roaming\Python\Python312\site-packages\aiohttp\client.py", line 1052, in _ws_connect
    resp = await self.request(
           ^^^^^^^^^^^^^^^^^^^
  File "C:\Users\Haier\AppData\Roaming\Python\Python312\site-packages\aiohttp\client.py", line 761, in _request
    resp = await handler(req)
           ^^^^^^^^^^^^^^^^^^
  File "C:\Users\Haier\AppData\Roaming\Python\Python312\site-packages\aiohttp\client.py", line 716, in _connect_and_send_request
    conn = await self._connector.connect(
           ^^^^^^^^^^^^^^^^^^^^^^^^^^^^^^
  File "C:\Users\Haier\AppData\Roaming\Python\Python312\site-packages\aiohttp\connector.py", line 598, in connect
    proto = await self._create_connection(req, traces, timeout)
            ^^^^^^^^^^^^^^^^^^^^^^^^^^^^^^^^^^^^^^^^^^^^^^^^^^^
  File "C:\Users\Haier\AppData\Roaming\Python\Python312\site-packages\aiohttp\connector.py", line 1122, in _create_connection
    _, proto = await self._create_direct_connection(req, traces, timeout)
               ^^^^^^^^^^^^^^^^^^^^^^^^^^^^^^^^^^^^^^^^^^^^^^^^^^^^^^^^^^
  File "C:\Users\Haier\AppData\Roaming\Python\Python312\site-packages\aiohttp\connector.py", line 1451, in _create_direct_connection
    raise ClientConnectorDNSError(req.connection_key, exc) from exc
aiohttp.client_exceptions.ClientConnectorDNSError: Cannot connect to host gateway-us-east1-b.discord.gg:443 ssl:default [getaddrinfo failed]
2025-06-11 00:34:02,992 [ERROR] Attempting a reconnect in 8.84s
Traceback (most recent call last):
  File "C:\Users\Haier\AppData\Roaming\Python\Python312\site-packages\aiohttp\connector.py", line 1445, in _create_direct_connection
    hosts = await self._resolve_host(host, port, traces=traces)
            ^^^^^^^^^^^^^^^^^^^^^^^^^^^^^^^^^^^^^^^^^^^^^^^^^^^
  File "C:\Users\Haier\AppData\Roaming\Python\Python312\site-packages\aiohttp\connector.py", line 1061, in _resolve_host
    return await asyncio.shield(resolved_host_task)
           ^^^^^^^^^^^^^^^^^^^^^^^^^^^^^^^^^^^^^^^^
  File "C:\Users\Haier\AppData\Roaming\Python\Python312\site-packages\aiohttp\connector.py", line 1092, in _resolve_host_with_throttle
    addrs = await self._resolver.resolve(host, port, family=self._family)
            ^^^^^^^^^^^^^^^^^^^^^^^^^^^^^^^^^^^^^^^^^^^^^^^^^^^^^^^^^^^^^
  File "C:\Users\Haier\AppData\Roaming\Python\Python312\site-packages\aiohttp\resolver.py", line 40, in resolve
    infos = await self._loop.getaddrinfo(
            ^^^^^^^^^^^^^^^^^^^^^^^^^^^^^
  File "C:\Python312\Lib\asyncio\base_events.py", line 901, in getaddrinfo
    return await self.run_in_executor(
           ^^^^^^^^^^^^^^^^^^^^^^^^^^^
  File "C:\Python312\Lib\concurrent\futures\thread.py", line 58, in run
    result = self.fn(*self.args, **self.kwargs)
             ^^^^^^^^^^^^^^^^^^^^^^^^^^^^^^^^^^
  File "C:\Python312\Lib\socket.py", line 976, in getaddrinfo
    for res in _socket.getaddrinfo(host, port, family, type, proto, flags):
               ^^^^^^^^^^^^^^^^^^^^^^^^^^^^^^^^^^^^^^^^^^^^^^^^^^^^^^^^^^^
socket.gaierror: [Errno 11001] getaddrinfo failed

The above exception was the direct cause of the following exception:

Traceback (most recent call last):
  File "C:\Users\Haier\AppData\Roaming\Python\Python312\site-packages\discord\client.py", line 701, in connect
    self.ws = await asyncio.wait_for(coro, timeout=60.0)
              ^^^^^^^^^^^^^^^^^^^^^^^^^^^^^^^^^^^^^^^^^^
  File "C:\Python312\Lib\asyncio\tasks.py", line 520, in wait_for
    return await fut
           ^^^^^^^^^
  File "C:\Users\Haier\AppData\Roaming\Python\Python312\site-packages\discord\gateway.py", line 375, in from_client
    socket = await client.http.ws_connect(str(url))
             ^^^^^^^^^^^^^^^^^^^^^^^^^^^^^^^^^^^^^^
  File "C:\Users\Haier\AppData\Roaming\Python\Python312\site-packages\discord\http.py", line 554, in ws_connect
    return await self.__session.ws_connect(url, **kwargs)
           ^^^^^^^^^^^^^^^^^^^^^^^^^^^^^^^^^^^^^^^^^^^^^^
  File "C:\Users\Haier\AppData\Roaming\Python\Python312\site-packages\aiohttp\client.py", line 1052, in _ws_connect
    resp = await self.request(
           ^^^^^^^^^^^^^^^^^^^
  File "C:\Users\Haier\AppData\Roaming\Python\Python312\site-packages\aiohttp\client.py", line 761, in _request
    resp = await handler(req)
           ^^^^^^^^^^^^^^^^^^
  File "C:\Users\Haier\AppData\Roaming\Python\Python312\site-packages\aiohttp\client.py", line 716, in _connect_and_send_request
    conn = await self._connector.connect(
           ^^^^^^^^^^^^^^^^^^^^^^^^^^^^^^
  File "C:\Users\Haier\AppData\Roaming\Python\Python312\site-packages\aiohttp\connector.py", line 598, in connect
    proto = await self._create_connection(req, traces, timeout)
            ^^^^^^^^^^^^^^^^^^^^^^^^^^^^^^^^^^^^^^^^^^^^^^^^^^^
  File "C:\Users\Haier\AppData\Roaming\Python\Python312\site-packages\aiohttp\connector.py", line 1122, in _create_connection
    _, proto = await self._create_direct_connection(req, traces, timeout)
               ^^^^^^^^^^^^^^^^^^^^^^^^^^^^^^^^^^^^^^^^^^^^^^^^^^^^^^^^^^
  File "C:\Users\Haier\AppData\Roaming\Python\Python312\site-packages\aiohttp\connector.py", line 1451, in _create_direct_connection
    raise ClientConnectorDNSError(req.connection_key, exc) from exc
aiohttp.client_exceptions.ClientConnectorDNSError: Cannot connect to host gateway-us-east1-b.discord.gg:443 ssl:default [getaddrinfo failed]
2025-06-11 00:34:05,943 [ERROR] Attempting a reconnect in 29.24s
Traceback (most recent call last):
  File "C:\Users\Haier\AppData\Roaming\Python\Python312\site-packages\aiohttp\connector.py", line 1445, in _create_direct_connection
    hosts = await self._resolve_host(host, port, traces=traces)
            ^^^^^^^^^^^^^^^^^^^^^^^^^^^^^^^^^^^^^^^^^^^^^^^^^^^
  File "C:\Users\Haier\AppData\Roaming\Python\Python312\site-packages\aiohttp\connector.py", line 1061, in _resolve_host
    return await asyncio.shield(resolved_host_task)
           ^^^^^^^^^^^^^^^^^^^^^^^^^^^^^^^^^^^^^^^^
  File "C:\Users\Haier\AppData\Roaming\Python\Python312\site-packages\aiohttp\connector.py", line 1092, in _resolve_host_with_throttle
    addrs = await self._resolver.resolve(host, port, family=self._family)
            ^^^^^^^^^^^^^^^^^^^^^^^^^^^^^^^^^^^^^^^^^^^^^^^^^^^^^^^^^^^^^
  File "C:\Users\Haier\AppData\Roaming\Python\Python312\site-packages\aiohttp\resolver.py", line 40, in resolve
    infos = await self._loop.getaddrinfo(
            ^^^^^^^^^^^^^^^^^^^^^^^^^^^^^
  File "C:\Python312\Lib\asyncio\base_events.py", line 901, in getaddrinfo
    return await self.run_in_executor(
           ^^^^^^^^^^^^^^^^^^^^^^^^^^^
  File "C:\Python312\Lib\concurrent\futures\thread.py", line 58, in run
    result = self.fn(*self.args, **self.kwargs)
             ^^^^^^^^^^^^^^^^^^^^^^^^^^^^^^^^^^
  File "C:\Python312\Lib\socket.py", line 976, in getaddrinfo
    for res in _socket.getaddrinfo(host, port, family, type, proto, flags):
               ^^^^^^^^^^^^^^^^^^^^^^^^^^^^^^^^^^^^^^^^^^^^^^^^^^^^^^^^^^^
socket.gaierror: [Errno 11001] getaddrinfo failed

The above exception was the direct cause of the following exception:

Traceback (most recent call last):
  File "C:\Users\Haier\AppData\Roaming\Python\Python312\site-packages\discord\client.py", line 701, in connect
    self.ws = await asyncio.wait_for(coro, timeout=60.0)
              ^^^^^^^^^^^^^^^^^^^^^^^^^^^^^^^^^^^^^^^^^^
  File "C:\Python312\Lib\asyncio\tasks.py", line 520, in wait_for
    return await fut
           ^^^^^^^^^
  File "C:\Users\Haier\AppData\Roaming\Python\Python312\site-packages\discord\gateway.py", line 375, in from_client
    socket = await client.http.ws_connect(str(url))
             ^^^^^^^^^^^^^^^^^^^^^^^^^^^^^^^^^^^^^^
  File "C:\Users\Haier\AppData\Roaming\Python\Python312\site-packages\discord\http.py", line 554, in ws_connect
    return await self.__session.ws_connect(url, **kwargs)
           ^^^^^^^^^^^^^^^^^^^^^^^^^^^^^^^^^^^^^^^^^^^^^^
  File "C:\Users\Haier\AppData\Roaming\Python\Python312\site-packages\aiohttp\client.py", line 1052, in _ws_connect
    resp = await self.request(
           ^^^^^^^^^^^^^^^^^^^
  File "C:\Users\Haier\AppData\Roaming\Python\Python312\site-packages\aiohttp\client.py", line 761, in _request
    resp = await handler(req)
           ^^^^^^^^^^^^^^^^^^
  File "C:\Users\Haier\AppData\Roaming\Python\Python312\site-packages\aiohttp\client.py", line 716, in _connect_and_send_request
    conn = await self._connector.connect(
           ^^^^^^^^^^^^^^^^^^^^^^^^^^^^^^
  File "C:\Users\Haier\AppData\Roaming\Python\Python312\site-packages\aiohttp\connector.py", line 598, in connect
    proto = await self._create_connection(req, traces, timeout)
            ^^^^^^^^^^^^^^^^^^^^^^^^^^^^^^^^^^^^^^^^^^^^^^^^^^^
  File "C:\Users\Haier\AppData\Roaming\Python\Python312\site-packages\aiohttp\connector.py", line 1122, in _create_connection
    _, proto = await self._create_direct_connection(req, traces, timeout)
               ^^^^^^^^^^^^^^^^^^^^^^^^^^^^^^^^^^^^^^^^^^^^^^^^^^^^^^^^^^
  File "C:\Users\Haier\AppData\Roaming\Python\Python312\site-packages\aiohttp\connector.py", line 1451, in _create_direct_connection
    raise ClientConnectorDNSError(req.connection_key, exc) from exc
aiohttp.client_exceptions.ClientConnectorDNSError: Cannot connect to host gateway-us-east1-b.discord.gg:443 ssl:default [getaddrinfo failed]
2025-06-11 00:34:11,863 [ERROR] Attempting a reconnect in 1.29s
Traceback (most recent call last):
  File "C:\Users\Haier\AppData\Roaming\Python\Python312\site-packages\aiohttp\connector.py", line 1445, in _create_direct_connection
    hosts = await self._resolve_host(host, port, traces=traces)
            ^^^^^^^^^^^^^^^^^^^^^^^^^^^^^^^^^^^^^^^^^^^^^^^^^^^
  File "C:\Users\Haier\AppData\Roaming\Python\Python312\site-packages\aiohttp\connector.py", line 1061, in _resolve_host
    return await asyncio.shield(resolved_host_task)
           ^^^^^^^^^^^^^^^^^^^^^^^^^^^^^^^^^^^^^^^^
  File "C:\Users\Haier\AppData\Roaming\Python\Python312\site-packages\aiohttp\connector.py", line 1092, in _resolve_host_with_throttle
    addrs = await self._resolver.resolve(host, port, family=self._family)
            ^^^^^^^^^^^^^^^^^^^^^^^^^^^^^^^^^^^^^^^^^^^^^^^^^^^^^^^^^^^^^
  File "C:\Users\Haier\AppData\Roaming\Python\Python312\site-packages\aiohttp\resolver.py", line 40, in resolve
    infos = await self._loop.getaddrinfo(
            ^^^^^^^^^^^^^^^^^^^^^^^^^^^^^
  File "C:\Python312\Lib\asyncio\base_events.py", line 901, in getaddrinfo
    return await self.run_in_executor(
           ^^^^^^^^^^^^^^^^^^^^^^^^^^^
  File "C:\Python312\Lib\concurrent\futures\thread.py", line 58, in run
    result = self.fn(*self.args, **self.kwargs)
             ^^^^^^^^^^^^^^^^^^^^^^^^^^^^^^^^^^
  File "C:\Python312\Lib\socket.py", line 976, in getaddrinfo
    for res in _socket.getaddrinfo(host, port, family, type, proto, flags):
               ^^^^^^^^^^^^^^^^^^^^^^^^^^^^^^^^^^^^^^^^^^^^^^^^^^^^^^^^^^^
socket.gaierror: [Errno 11001] getaddrinfo failed

The above exception was the direct cause of the following exception:

Traceback (most recent call last):
  File "C:\Users\Haier\AppData\Roaming\Python\Python312\site-packages\discord\client.py", line 701, in connect
    self.ws = await asyncio.wait_for(coro, timeout=60.0)
              ^^^^^^^^^^^^^^^^^^^^^^^^^^^^^^^^^^^^^^^^^^
  File "C:\Python312\Lib\asyncio\tasks.py", line 520, in wait_for
    return await fut
           ^^^^^^^^^
  File "C:\Users\Haier\AppData\Roaming\Python\Python312\site-packages\discord\gateway.py", line 375, in from_client
    socket = await client.http.ws_connect(str(url))
             ^^^^^^^^^^^^^^^^^^^^^^^^^^^^^^^^^^^^^^
  File "C:\Users\Haier\AppData\Roaming\Python\Python312\site-packages\discord\http.py", line 554, in ws_connect
    return await self.__session.ws_connect(url, **kwargs)
           ^^^^^^^^^^^^^^^^^^^^^^^^^^^^^^^^^^^^^^^^^^^^^^
  File "C:\Users\Haier\AppData\Roaming\Python\Python312\site-packages\aiohttp\client.py", line 1052, in _ws_connect
    resp = await self.request(
           ^^^^^^^^^^^^^^^^^^^
  File "C:\Users\Haier\AppData\Roaming\Python\Python312\site-packages\aiohttp\client.py", line 761, in _request
    resp = await handler(req)
           ^^^^^^^^^^^^^^^^^^
  File "C:\Users\Haier\AppData\Roaming\Python\Python312\site-packages\aiohttp\client.py", line 716, in _connect_and_send_request
    conn = await self._connector.connect(
           ^^^^^^^^^^^^^^^^^^^^^^^^^^^^^^
  File "C:\Users\Haier\AppData\Roaming\Python\Python312\site-packages\aiohttp\connector.py", line 598, in connect
    proto = await self._create_connection(req, traces, timeout)
            ^^^^^^^^^^^^^^^^^^^^^^^^^^^^^^^^^^^^^^^^^^^^^^^^^^^
  File "C:\Users\Haier\AppData\Roaming\Python\Python312\site-packages\aiohttp\connector.py", line 1122, in _create_connection
    _, proto = await self._create_direct_connection(req, traces, timeout)
               ^^^^^^^^^^^^^^^^^^^^^^^^^^^^^^^^^^^^^^^^^^^^^^^^^^^^^^^^^^
  File "C:\Users\Haier\AppData\Roaming\Python\Python312\site-packages\aiohttp\connector.py", line 1451, in _create_direct_connection
    raise ClientConnectorDNSError(req.connection_key, exc) from exc
aiohttp.client_exceptions.ClientConnectorDNSError: Cannot connect to host gateway-us-east1-b.discord.gg:443 ssl:default [getaddrinfo failed]
2025-06-11 00:34:13,166 [ERROR] Attempting a reconnect in 35.46s
Traceback (most recent call last):
  File "C:\Users\Haier\AppData\Roaming\Python\Python312\site-packages\aiohttp\connector.py", line 1445, in _create_direct_connection
    hosts = await self._resolve_host(host, port, traces=traces)
            ^^^^^^^^^^^^^^^^^^^^^^^^^^^^^^^^^^^^^^^^^^^^^^^^^^^
  File "C:\Users\Haier\AppData\Roaming\Python\Python312\site-packages\aiohttp\connector.py", line 1061, in _resolve_host
    return await asyncio.shield(resolved_host_task)
           ^^^^^^^^^^^^^^^^^^^^^^^^^^^^^^^^^^^^^^^^
  File "C:\Users\Haier\AppData\Roaming\Python\Python312\site-packages\aiohttp\connector.py", line 1092, in _resolve_host_with_throttle
    addrs = await self._resolver.resolve(host, port, family=self._family)
            ^^^^^^^^^^^^^^^^^^^^^^^^^^^^^^^^^^^^^^^^^^^^^^^^^^^^^^^^^^^^^
  File "C:\Users\Haier\AppData\Roaming\Python\Python312\site-packages\aiohttp\resolver.py", line 40, in resolve
    infos = await self._loop.getaddrinfo(
            ^^^^^^^^^^^^^^^^^^^^^^^^^^^^^
  File "C:\Python312\Lib\asyncio\base_events.py", line 901, in getaddrinfo
    return await self.run_in_executor(
           ^^^^^^^^^^^^^^^^^^^^^^^^^^^
  File "C:\Python312\Lib\concurrent\futures\thread.py", line 58, in run
    result = self.fn(*self.args, **self.kwargs)
             ^^^^^^^^^^^^^^^^^^^^^^^^^^^^^^^^^^
  File "C:\Python312\Lib\socket.py", line 976, in getaddrinfo
    for res in _socket.getaddrinfo(host, port, family, type, proto, flags):
               ^^^^^^^^^^^^^^^^^^^^^^^^^^^^^^^^^^^^^^^^^^^^^^^^^^^^^^^^^^^
socket.gaierror: [Errno 11001] getaddrinfo failed

The above exception was the direct cause of the following exception:

Traceback (most recent call last):
  File "C:\Users\Haier\AppData\Roaming\Python\Python312\site-packages\discord\client.py", line 701, in connect
    self.ws = await asyncio.wait_for(coro, timeout=60.0)
              ^^^^^^^^^^^^^^^^^^^^^^^^^^^^^^^^^^^^^^^^^^
  File "C:\Python312\Lib\asyncio\tasks.py", line 520, in wait_for
    return await fut
           ^^^^^^^^^
  File "C:\Users\Haier\AppData\Roaming\Python\Python312\site-packages\discord\gateway.py", line 375, in from_client
    socket = await client.http.ws_connect(str(url))
             ^^^^^^^^^^^^^^^^^^^^^^^^^^^^^^^^^^^^^^
  File "C:\Users\Haier\AppData\Roaming\Python\Python312\site-packages\discord\http.py", line 554, in ws_connect
    return await self.__session.ws_connect(url, **kwargs)
           ^^^^^^^^^^^^^^^^^^^^^^^^^^^^^^^^^^^^^^^^^^^^^^
  File "C:\Users\Haier\AppData\Roaming\Python\Python312\site-packages\aiohttp\client.py", line 1052, in _ws_connect
    resp = await self.request(
           ^^^^^^^^^^^^^^^^^^^
  File "C:\Users\Haier\AppData\Roaming\Python\Python312\site-packages\aiohttp\client.py", line 761, in _request
    resp = await handler(req)
           ^^^^^^^^^^^^^^^^^^
  File "C:\Users\Haier\AppData\Roaming\Python\Python312\site-packages\aiohttp\client.py", line 716, in _connect_and_send_request
    conn = await self._connector.connect(
           ^^^^^^^^^^^^^^^^^^^^^^^^^^^^^^
  File "C:\Users\Haier\AppData\Roaming\Python\Python312\site-packages\aiohttp\connector.py", line 598, in connect
    proto = await self._create_connection(req, traces, timeout)
            ^^^^^^^^^^^^^^^^^^^^^^^^^^^^^^^^^^^^^^^^^^^^^^^^^^^
  File "C:\Users\Haier\AppData\Roaming\Python\Python312\site-packages\aiohttp\connector.py", line 1122, in _create_connection
    _, proto = await self._create_direct_connection(req, traces, timeout)
               ^^^^^^^^^^^^^^^^^^^^^^^^^^^^^^^^^^^^^^^^^^^^^^^^^^^^^^^^^^
  File "C:\Users\Haier\AppData\Roaming\Python\Python312\site-packages\aiohttp\connector.py", line 1451, in _create_direct_connection
    raise ClientConnectorDNSError(req.connection_key, exc) from exc
aiohttp.client_exceptions.ClientConnectorDNSError: Cannot connect to host gateway-us-east1-b.discord.gg:443 ssl:default [getaddrinfo failed]
2025-06-11 00:34:35,217 [ERROR] Attempting a reconnect in 25.74s
Traceback (most recent call last):
  File "C:\Users\Haier\AppData\Roaming\Python\Python312\site-packages\aiohttp\connector.py", line 1445, in _create_direct_connection
    hosts = await self._resolve_host(host, port, traces=traces)
            ^^^^^^^^^^^^^^^^^^^^^^^^^^^^^^^^^^^^^^^^^^^^^^^^^^^
  File "C:\Users\Haier\AppData\Roaming\Python\Python312\site-packages\aiohttp\connector.py", line 1061, in _resolve_host
    return await asyncio.shield(resolved_host_task)
           ^^^^^^^^^^^^^^^^^^^^^^^^^^^^^^^^^^^^^^^^
  File "C:\Users\Haier\AppData\Roaming\Python\Python312\site-packages\aiohttp\connector.py", line 1092, in _resolve_host_with_throttle
    addrs = await self._resolver.resolve(host, port, family=self._family)
            ^^^^^^^^^^^^^^^^^^^^^^^^^^^^^^^^^^^^^^^^^^^^^^^^^^^^^^^^^^^^^
  File "C:\Users\Haier\AppData\Roaming\Python\Python312\site-packages\aiohttp\resolver.py", line 40, in resolve
    infos = await self._loop.getaddrinfo(
            ^^^^^^^^^^^^^^^^^^^^^^^^^^^^^
  File "C:\Python312\Lib\asyncio\base_events.py", line 901, in getaddrinfo
    return await self.run_in_executor(
           ^^^^^^^^^^^^^^^^^^^^^^^^^^^
  File "C:\Python312\Lib\concurrent\futures\thread.py", line 58, in run
    result = self.fn(*self.args, **self.kwargs)
             ^^^^^^^^^^^^^^^^^^^^^^^^^^^^^^^^^^
  File "C:\Python312\Lib\socket.py", line 976, in getaddrinfo
    for res in _socket.getaddrinfo(host, port, family, type, proto, flags):
               ^^^^^^^^^^^^^^^^^^^^^^^^^^^^^^^^^^^^^^^^^^^^^^^^^^^^^^^^^^^
socket.gaierror: [Errno 11001] getaddrinfo failed

The above exception was the direct cause of the following exception:

Traceback (most recent call last):
  File "C:\Users\Haier\AppData\Roaming\Python\Python312\site-packages\discord\client.py", line 701, in connect
    self.ws = await asyncio.wait_for(coro, timeout=60.0)
              ^^^^^^^^^^^^^^^^^^^^^^^^^^^^^^^^^^^^^^^^^^
  File "C:\Python312\Lib\asyncio\tasks.py", line 520, in wait_for
    return await fut
           ^^^^^^^^^
  File "C:\Users\Haier\AppData\Roaming\Python\Python312\site-packages\discord\gateway.py", line 375, in from_client
    socket = await client.http.ws_connect(str(url))
             ^^^^^^^^^^^^^^^^^^^^^^^^^^^^^^^^^^^^^^
  File "C:\Users\Haier\AppData\Roaming\Python\Python312\site-packages\discord\http.py", line 554, in ws_connect
    return await self.__session.ws_connect(url, **kwargs)
           ^^^^^^^^^^^^^^^^^^^^^^^^^^^^^^^^^^^^^^^^^^^^^^
  File "C:\Users\Haier\AppData\Roaming\Python\Python312\site-packages\aiohttp\client.py", line 1052, in _ws_connect
    resp = await self.request(
           ^^^^^^^^^^^^^^^^^^^
  File "C:\Users\Haier\AppData\Roaming\Python\Python312\site-packages\aiohttp\client.py", line 761, in _request
    resp = await handler(req)
           ^^^^^^^^^^^^^^^^^^
  File "C:\Users\Haier\AppData\Roaming\Python\Python312\site-packages\aiohttp\client.py", line 716, in _connect_and_send_request
    conn = await self._connector.connect(
           ^^^^^^^^^^^^^^^^^^^^^^^^^^^^^^
  File "C:\Users\Haier\AppData\Roaming\Python\Python312\site-packages\aiohttp\connector.py", line 598, in connect
    proto = await self._create_connection(req, traces, timeout)
            ^^^^^^^^^^^^^^^^^^^^^^^^^^^^^^^^^^^^^^^^^^^^^^^^^^^
  File "C:\Users\Haier\AppData\Roaming\Python\Python312\site-packages\aiohttp\connector.py", line 1122, in _create_connection
    _, proto = await self._create_direct_connection(req, traces, timeout)
               ^^^^^^^^^^^^^^^^^^^^^^^^^^^^^^^^^^^^^^^^^^^^^^^^^^^^^^^^^^
  File "C:\Users\Haier\AppData\Roaming\Python\Python312\site-packages\aiohttp\connector.py", line 1451, in _create_direct_connection
    raise ClientConnectorDNSError(req.connection_key, exc) from exc
aiohttp.client_exceptions.ClientConnectorDNSError: Cannot connect to host gateway-us-east1-b.discord.gg:443 ssl:default [getaddrinfo failed]
2025-06-11 00:34:48,648 [ERROR] Attempting a reconnect in 69.79s
Traceback (most recent call last):
  File "C:\Users\Haier\AppData\Roaming\Python\Python312\site-packages\aiohttp\connector.py", line 1445, in _create_direct_connection
    hosts = await self._resolve_host(host, port, traces=traces)
            ^^^^^^^^^^^^^^^^^^^^^^^^^^^^^^^^^^^^^^^^^^^^^^^^^^^
  File "C:\Users\Haier\AppData\Roaming\Python\Python312\site-packages\aiohttp\connector.py", line 1061, in _resolve_host
    return await asyncio.shield(resolved_host_task)
           ^^^^^^^^^^^^^^^^^^^^^^^^^^^^^^^^^^^^^^^^
  File "C:\Users\Haier\AppData\Roaming\Python\Python312\site-packages\aiohttp\connector.py", line 1092, in _resolve_host_with_throttle
    addrs = await self._resolver.resolve(host, port, family=self._family)
            ^^^^^^^^^^^^^^^^^^^^^^^^^^^^^^^^^^^^^^^^^^^^^^^^^^^^^^^^^^^^^
  File "C:\Users\Haier\AppData\Roaming\Python\Python312\site-packages\aiohttp\resolver.py", line 40, in resolve
    infos = await self._loop.getaddrinfo(
            ^^^^^^^^^^^^^^^^^^^^^^^^^^^^^
  File "C:\Python312\Lib\asyncio\base_events.py", line 901, in getaddrinfo
    return await self.run_in_executor(
           ^^^^^^^^^^^^^^^^^^^^^^^^^^^
  File "C:\Python312\Lib\concurrent\futures\thread.py", line 58, in run
    result = self.fn(*self.args, **self.kwargs)
             ^^^^^^^^^^^^^^^^^^^^^^^^^^^^^^^^^^
  File "C:\Python312\Lib\socket.py", line 976, in getaddrinfo
    for res in _socket.getaddrinfo(host, port, family, type, proto, flags):
               ^^^^^^^^^^^^^^^^^^^^^^^^^^^^^^^^^^^^^^^^^^^^^^^^^^^^^^^^^^^
socket.gaierror: [Errno 11001] getaddrinfo failed

The above exception was the direct cause of the following exception:

Traceback (most recent call last):
  File "C:\Users\Haier\AppData\Roaming\Python\Python312\site-packages\discord\client.py", line 701, in connect
    self.ws = await asyncio.wait_for(coro, timeout=60.0)
              ^^^^^^^^^^^^^^^^^^^^^^^^^^^^^^^^^^^^^^^^^^
  File "C:\Python312\Lib\asyncio\tasks.py", line 520, in wait_for
    return await fut
           ^^^^^^^^^
  File "C:\Users\Haier\AppData\Roaming\Python\Python312\site-packages\discord\gateway.py", line 375, in from_client
    socket = await client.http.ws_connect(str(url))
             ^^^^^^^^^^^^^^^^^^^^^^^^^^^^^^^^^^^^^^
  File "C:\Users\Haier\AppData\Roaming\Python\Python312\site-packages\discord\http.py", line 554, in ws_connect
    return await self.__session.ws_connect(url, **kwargs)
           ^^^^^^^^^^^^^^^^^^^^^^^^^^^^^^^^^^^^^^^^^^^^^^
  File "C:\Users\Haier\AppData\Roaming\Python\Python312\site-packages\aiohttp\client.py", line 1052, in _ws_connect
    resp = await self.request(
           ^^^^^^^^^^^^^^^^^^^
  File "C:\Users\Haier\AppData\Roaming\Python\Python312\site-packages\aiohttp\client.py", line 761, in _request
    resp = await handler(req)
           ^^^^^^^^^^^^^^^^^^
  File "C:\Users\Haier\AppData\Roaming\Python\Python312\site-packages\aiohttp\client.py", line 716, in _connect_and_send_request
    conn = await self._connector.connect(
           ^^^^^^^^^^^^^^^^^^^^^^^^^^^^^^
  File "C:\Users\Haier\AppData\Roaming\Python\Python312\site-packages\aiohttp\connector.py", line 598, in connect
    proto = await self._create_connection(req, traces, timeout)
            ^^^^^^^^^^^^^^^^^^^^^^^^^^^^^^^^^^^^^^^^^^^^^^^^^^^
  File "C:\Users\Haier\AppData\Roaming\Python\Python312\site-packages\aiohttp\connector.py", line 1122, in _create_connection
    _, proto = await self._create_direct_connection(req, traces, timeout)
               ^^^^^^^^^^^^^^^^^^^^^^^^^^^^^^^^^^^^^^^^^^^^^^^^^^^^^^^^^^
  File "C:\Users\Haier\AppData\Roaming\Python\Python312\site-packages\aiohttp\connector.py", line 1451, in _create_direct_connection
    raise ClientConnectorDNSError(req.connection_key, exc) from exc
aiohttp.client_exceptions.ClientConnectorDNSError: Cannot connect to host gateway-us-east1-b.discord.gg:443 ssl:default [getaddrinfo failed]
2025-06-11 00:35:00,968 [ERROR] Attempting a reconnect in 6.61s
Traceback (most recent call last):
  File "C:\Users\Haier\AppData\Roaming\Python\Python312\site-packages\aiohttp\connector.py", line 1445, in _create_direct_connection
    hosts = await self._resolve_host(host, port, traces=traces)
            ^^^^^^^^^^^^^^^^^^^^^^^^^^^^^^^^^^^^^^^^^^^^^^^^^^^
  File "C:\Users\Haier\AppData\Roaming\Python\Python312\site-packages\aiohttp\connector.py", line 1061, in _resolve_host
    return await asyncio.shield(resolved_host_task)
           ^^^^^^^^^^^^^^^^^^^^^^^^^^^^^^^^^^^^^^^^
  File "C:\Users\Haier\AppData\Roaming\Python\Python312\site-packages\aiohttp\connector.py", line 1092, in _resolve_host_with_throttle
    addrs = await self._resolver.resolve(host, port, family=self._family)
            ^^^^^^^^^^^^^^^^^^^^^^^^^^^^^^^^^^^^^^^^^^^^^^^^^^^^^^^^^^^^^
  File "C:\Users\Haier\AppData\Roaming\Python\Python312\site-packages\aiohttp\resolver.py", line 40, in resolve
    infos = await self._loop.getaddrinfo(
            ^^^^^^^^^^^^^^^^^^^^^^^^^^^^^
  File "C:\Python312\Lib\asyncio\base_events.py", line 901, in getaddrinfo
    return await self.run_in_executor(
           ^^^^^^^^^^^^^^^^^^^^^^^^^^^
  File "C:\Python312\Lib\concurrent\futures\thread.py", line 58, in run
    result = self.fn(*self.args, **self.kwargs)
             ^^^^^^^^^^^^^^^^^^^^^^^^^^^^^^^^^^
  File "C:\Python312\Lib\socket.py", line 976, in getaddrinfo
    for res in _socket.getaddrinfo(host, port, family, type, proto, flags):
               ^^^^^^^^^^^^^^^^^^^^^^^^^^^^^^^^^^^^^^^^^^^^^^^^^^^^^^^^^^^
socket.gaierror: [Errno 11001] getaddrinfo failed

The above exception was the direct cause of the following exception:

Traceback (most recent call last):
  File "C:\Users\Haier\AppData\Roaming\Python\Python312\site-packages\discord\client.py", line 701, in connect
    self.ws = await asyncio.wait_for(coro, timeout=60.0)
              ^^^^^^^^^^^^^^^^^^^^^^^^^^^^^^^^^^^^^^^^^^
  File "C:\Python312\Lib\asyncio\tasks.py", line 520, in wait_for
    return await fut
           ^^^^^^^^^
  File "C:\Users\Haier\AppData\Roaming\Python\Python312\site-packages\discord\gateway.py", line 375, in from_client
    socket = await client.http.ws_connect(str(url))
             ^^^^^^^^^^^^^^^^^^^^^^^^^^^^^^^^^^^^^^
  File "C:\Users\Haier\AppData\Roaming\Python\Python312\site-packages\discord\http.py", line 554, in ws_connect
    return await self.__session.ws_connect(url, **kwargs)
           ^^^^^^^^^^^^^^^^^^^^^^^^^^^^^^^^^^^^^^^^^^^^^^
  File "C:\Users\Haier\AppData\Roaming\Python\Python312\site-packages\aiohttp\client.py", line 1052, in _ws_connect
    resp = await self.request(
           ^^^^^^^^^^^^^^^^^^^
  File "C:\Users\Haier\AppData\Roaming\Python\Python312\site-packages\aiohttp\client.py", line 761, in _request
    resp = await handler(req)
           ^^^^^^^^^^^^^^^^^^
  File "C:\Users\Haier\AppData\Roaming\Python\Python312\site-packages\aiohttp\client.py", line 716, in _connect_and_send_request
    conn = await self._connector.connect(
           ^^^^^^^^^^^^^^^^^^^^^^^^^^^^^^
  File "C:\Users\Haier\AppData\Roaming\Python\Python312\site-packages\aiohttp\connector.py", line 598, in connect
    proto = await self._create_connection(req, traces, timeout)
            ^^^^^^^^^^^^^^^^^^^^^^^^^^^^^^^^^^^^^^^^^^^^^^^^^^^
  File "C:\Users\Haier\AppData\Roaming\Python\Python312\site-packages\aiohttp\connector.py", line 1122, in _create_connection
    _, proto = await self._create_direct_connection(req, traces, timeout)
               ^^^^^^^^^^^^^^^^^^^^^^^^^^^^^^^^^^^^^^^^^^^^^^^^^^^^^^^^^^
  File "C:\Users\Haier\AppData\Roaming\Python\Python312\site-packages\aiohttp\connector.py", line 1451, in _create_direct_connection
    raise ClientConnectorDNSError(req.connection_key, exc) from exc
aiohttp.client_exceptions.ClientConnectorDNSError: Cannot connect to host gateway-us-east1-b.discord.gg:443 ssl:default [getaddrinfo failed]
2025-06-11 00:35:07,602 [ERROR] Attempting a reconnect in 163.29s
Traceback (most recent call last):
  File "C:\Users\Haier\AppData\Roaming\Python\Python312\site-packages\aiohttp\connector.py", line 1445, in _create_direct_connection
    hosts = await self._resolve_host(host, port, traces=traces)
            ^^^^^^^^^^^^^^^^^^^^^^^^^^^^^^^^^^^^^^^^^^^^^^^^^^^
  File "C:\Users\Haier\AppData\Roaming\Python\Python312\site-packages\aiohttp\connector.py", line 1061, in _resolve_host
    return await asyncio.shield(resolved_host_task)
           ^^^^^^^^^^^^^^^^^^^^^^^^^^^^^^^^^^^^^^^^
  File "C:\Users\Haier\AppData\Roaming\Python\Python312\site-packages\aiohttp\connector.py", line 1092, in _resolve_host_with_throttle
    addrs = await self._resolver.resolve(host, port, family=self._family)
            ^^^^^^^^^^^^^^^^^^^^^^^^^^^^^^^^^^^^^^^^^^^^^^^^^^^^^^^^^^^^^
  File "C:\Users\Haier\AppData\Roaming\Python\Python312\site-packages\aiohttp\resolver.py", line 40, in resolve
    infos = await self._loop.getaddrinfo(
            ^^^^^^^^^^^^^^^^^^^^^^^^^^^^^
  File "C:\Python312\Lib\asyncio\base_events.py", line 901, in getaddrinfo
    return await self.run_in_executor(
           ^^^^^^^^^^^^^^^^^^^^^^^^^^^
  File "C:\Python312\Lib\concurrent\futures\thread.py", line 58, in run
    result = self.fn(*self.args, **self.kwargs)
             ^^^^^^^^^^^^^^^^^^^^^^^^^^^^^^^^^^
  File "C:\Python312\Lib\socket.py", line 976, in getaddrinfo
    for res in _socket.getaddrinfo(host, port, family, type, proto, flags):
               ^^^^^^^^^^^^^^^^^^^^^^^^^^^^^^^^^^^^^^^^^^^^^^^^^^^^^^^^^^^
socket.gaierror: [Errno 11001] getaddrinfo failed

The above exception was the direct cause of the following exception:

Traceback (most recent call last):
  File "C:\Users\Haier\AppData\Roaming\Python\Python312\site-packages\discord\client.py", line 701, in connect
    self.ws = await asyncio.wait_for(coro, timeout=60.0)
              ^^^^^^^^^^^^^^^^^^^^^^^^^^^^^^^^^^^^^^^^^^
  File "C:\Python312\Lib\asyncio\tasks.py", line 520, in wait_for
    return await fut
           ^^^^^^^^^
  File "C:\Users\Haier\AppData\Roaming\Python\Python312\site-packages\discord\gateway.py", line 375, in from_client
    socket = await client.http.ws_connect(str(url))
             ^^^^^^^^^^^^^^^^^^^^^^^^^^^^^^^^^^^^^^
  File "C:\Users\Haier\AppData\Roaming\Python\Python312\site-packages\discord\http.py", line 554, in ws_connect
    return await self.__session.ws_connect(url, **kwargs)
           ^^^^^^^^^^^^^^^^^^^^^^^^^^^^^^^^^^^^^^^^^^^^^^
  File "C:\Users\Haier\AppData\Roaming\Python\Python312\site-packages\aiohttp\client.py", line 1052, in _ws_connect
    resp = await self.request(
           ^^^^^^^^^^^^^^^^^^^
  File "C:\Users\Haier\AppData\Roaming\Python\Python312\site-packages\aiohttp\client.py", line 761, in _request
    resp = await handler(req)
           ^^^^^^^^^^^^^^^^^^
  File "C:\Users\Haier\AppData\Roaming\Python\Python312\site-packages\aiohttp\client.py", line 716, in _connect_and_send_request
    conn = await self._connector.connect(
           ^^^^^^^^^^^^^^^^^^^^^^^^^^^^^^
  File "C:\Users\Haier\AppData\Roaming\Python\Python312\site-packages\aiohttp\connector.py", line 598, in connect
    proto = await self._create_connection(req, traces, timeout)
            ^^^^^^^^^^^^^^^^^^^^^^^^^^^^^^^^^^^^^^^^^^^^^^^^^^^
  File "C:\Users\Haier\AppData\Roaming\Python\Python312\site-packages\aiohttp\connector.py", line 1122, in _create_connection
    _, proto = await self._create_direct_connection(req, traces, timeout)
               ^^^^^^^^^^^^^^^^^^^^^^^^^^^^^^^^^^^^^^^^^^^^^^^^^^^^^^^^^^
  File "C:\Users\Haier\AppData\Roaming\Python\Python312\site-packages\aiohttp\connector.py", line 1451, in _create_direct_connection
    raise ClientConnectorDNSError(req.connection_key, exc) from exc
aiohttp.client_exceptions.ClientConnectorDNSError: Cannot connect to host gateway-us-east1-b.discord.gg:443 ssl:default [getaddrinfo failed]
2025-06-11 00:35:58,469 [ERROR] Attempting a reconnect in 175.34s
Traceback (most recent call last):
  File "C:\Users\Haier\AppData\Roaming\Python\Python312\site-packages\aiohttp\connector.py", line 1445, in _create_direct_connection
    hosts = await self._resolve_host(host, port, traces=traces)
            ^^^^^^^^^^^^^^^^^^^^^^^^^^^^^^^^^^^^^^^^^^^^^^^^^^^
  File "C:\Users\Haier\AppData\Roaming\Python\Python312\site-packages\aiohttp\connector.py", line 1061, in _resolve_host
    return await asyncio.shield(resolved_host_task)
           ^^^^^^^^^^^^^^^^^^^^^^^^^^^^^^^^^^^^^^^^
  File "C:\Users\Haier\AppData\Roaming\Python\Python312\site-packages\aiohttp\connector.py", line 1092, in _resolve_host_with_throttle
    addrs = await self._resolver.resolve(host, port, family=self._family)
            ^^^^^^^^^^^^^^^^^^^^^^^^^^^^^^^^^^^^^^^^^^^^^^^^^^^^^^^^^^^^^
  File "C:\Users\Haier\AppData\Roaming\Python\Python312\site-packages\aiohttp\resolver.py", line 40, in resolve
    infos = await self._loop.getaddrinfo(
            ^^^^^^^^^^^^^^^^^^^^^^^^^^^^^
  File "C:\Python312\Lib\asyncio\base_events.py", line 901, in getaddrinfo
    return await self.run_in_executor(
           ^^^^^^^^^^^^^^^^^^^^^^^^^^^
  File "C:\Python312\Lib\concurrent\futures\thread.py", line 58, in run
    result = self.fn(*self.args, **self.kwargs)
             ^^^^^^^^^^^^^^^^^^^^^^^^^^^^^^^^^^
  File "C:\Python312\Lib\socket.py", line 976, in getaddrinfo
    for res in _socket.getaddrinfo(host, port, family, type, proto, flags):
               ^^^^^^^^^^^^^^^^^^^^^^^^^^^^^^^^^^^^^^^^^^^^^^^^^^^^^^^^^^^
socket.gaierror: [Errno 11001] getaddrinfo failed

The above exception was the direct cause of the following exception:

Traceback (most recent call last):
  File "C:\Users\Haier\AppData\Roaming\Python\Python312\site-packages\discord\client.py", line 701, in connect
    self.ws = await asyncio.wait_for(coro, timeout=60.0)
              ^^^^^^^^^^^^^^^^^^^^^^^^^^^^^^^^^^^^^^^^^^
  File "C:\Python312\Lib\asyncio\tasks.py", line 520, in wait_for
    return await fut
           ^^^^^^^^^
  File "C:\Users\Haier\AppData\Roaming\Python\Python312\site-packages\discord\gateway.py", line 375, in from_client
    socket = await client.http.ws_connect(str(url))
             ^^^^^^^^^^^^^^^^^^^^^^^^^^^^^^^^^^^^^^
  File "C:\Users\Haier\AppData\Roaming\Python\Python312\site-packages\discord\http.py", line 554, in ws_connect
    return await self.__session.ws_connect(url, **kwargs)
           ^^^^^^^^^^^^^^^^^^^^^^^^^^^^^^^^^^^^^^^^^^^^^^
  File "C:\Users\Haier\AppData\Roaming\Python\Python312\site-packages\aiohttp\client.py", line 1052, in _ws_connect
    resp = await self.request(
           ^^^^^^^^^^^^^^^^^^^
  File "C:\Users\Haier\AppData\Roaming\Python\Python312\site-packages\aiohttp\client.py", line 761, in _request
    resp = await handler(req)
           ^^^^^^^^^^^^^^^^^^
  File "C:\Users\Haier\AppData\Roaming\Python\Python312\site-packages\aiohttp\client.py", line 716, in _connect_and_send_request
    conn = await self._connector.connect(
           ^^^^^^^^^^^^^^^^^^^^^^^^^^^^^^
  File "C:\Users\Haier\AppData\Roaming\Python\Python312\site-packages\aiohttp\connector.py", line 598, in connect
    proto = await self._create_connection(req, traces, timeout)
            ^^^^^^^^^^^^^^^^^^^^^^^^^^^^^^^^^^^^^^^^^^^^^^^^^^^
  File "C:\Users\Haier\AppData\Roaming\Python\Python312\site-packages\aiohttp\connector.py", line 1122, in _create_connection
    _, proto = await self._create_direct_connection(req, traces, timeout)
               ^^^^^^^^^^^^^^^^^^^^^^^^^^^^^^^^^^^^^^^^^^^^^^^^^^^^^^^^^^
  File "C:\Users\Haier\AppData\Roaming\Python\Python312\site-packages\aiohttp\connector.py", line 1451, in _create_direct_connection
    raise ClientConnectorDNSError(req.connection_key, exc) from exc
aiohttp.client_exceptions.ClientConnectorDNSError: Cannot connect to host gateway-us-east1-b.discord.gg:443 ssl:default [getaddrinfo failed]
2025-06-11 00:37:51,972 [INFO] Shard ID None session has been invalidated.
2025-06-11 00:37:58,113 [INFO] Shard ID None has connected to Gateway (Session ID: 25a7ddd921ab84c40246dfedce40baab).
2025-06-11 00:38:00,162 [INFO] ✅ economy async database-д амжилттай холбогдлоо: C:\Users\Haier\Desktop\MongolBot\mongolbot\data\economy.db
2025-06-11 00:38:00,163 [INFO] ✅ main async database-д амжилттай холбогдлоо: C:\Users\Haier\Desktop\MongolBot\mongolbot\data\bot.db
2025-06-11 00:38:00,163 [INFO] ✅ VIP хүснэгтийг шалгаж дууслаа!
2025-06-11 00:38:00,165 [INFO] ✅ main async database-д амжилттай холбогдлоо: C:\Users\Haier\Desktop\MongolBot\mongolbot\data\bot.db
2025-06-11 00:38:00,166 [INFO] ✅ Префиксүүд амжилттай ачаалагдлаа
2025-06-11 00:38:00,166 [INFO] ✅ Префикс систем амжилттай эхэллээ
2025-06-11 00:38:00,167 [ERROR] ❌ VIP систем ачаалахад алдаа: Extension 'cogs.economy.vip' is already loaded.
2025-06-11 00:38:00,167 [ERROR] 🚨 Ачаалж чадсангүй: cogs.economy.bank - Extension 'cogs.economy.bank' is already loaded.
2025-06-11 00:38:00,167 [ERROR] 🚨 Ачаалж чадсангүй: cogs.economy.economy - Extension 'cogs.economy.economy' is already loaded.
2025-06-11 00:38:00,167 [ERROR] 🚨 Ачаалж чадсангүй: cogs.economy.serverbank - Extension 'cogs.economy.serverbank' is already loaded.
2025-06-11 00:38:00,167 [ERROR] 🚨 Ачаалж чадсангүй: cogs.games.buh - Extension 'cogs.games.buh' is already loaded.
2025-06-11 00:38:00,168 [ERROR] 🚨 Ачаалж чадсангүй: cogs.games.count - Extension 'cogs.games.count' could not be loaded or found.
2025-06-11 00:38:00,168 [ERROR] 🚨 Ачаалж чадсангүй: cogs.games.buttondate - Extension 'cogs.games.buttondate' is already loaded.
2025-06-11 00:38:00,169 [ERROR] 🚨 Ачаалж чадсангүй: cogs.games.horseracing - Extension 'cogs.games.horseracing' has no 'setup' function.
2025-06-11 00:38:00,169 [ERROR] 🚨 Ачаалж чадсангүй: cogs.admin.admin - Extension 'cogs.admin.admin' is already loaded.
2025-06-11 00:38:00,170 [ERROR] 🚨 Ачаалж чадсангүй: cogs.admin.channel - Extension 'cogs.admin.channel' is already loaded.
2025-06-11 00:38:00,170 [ERROR] 🚨 Ачаалж чадсангүй: cogs.admin.owner - Extension 'cogs.admin.owner' is already loaded.
2025-06-11 00:38:30,960 [INFO] ✅ Slash командууд sync хийгдлээ: 2 команд
2025-06-11 00:38:30,960 [INFO] Sync хийгдсэн команд: post
2025-06-11 00:38:30,960 [INFO] Sync хийгдсэн команд: channel
2025-06-11 00:38:30,960 [INFO] ✅ Testing bot#5556 амжилттай холбогдлоо!
2025-06-11 00:38:54,677 [INFO] Shard ID None session has been invalidated.
2025-06-11 00:39:00,921 [INFO] Shard ID None has connected to Gateway (Session ID: d6f421828665faeabb1cd2ff82c2650b).
2025-06-11 00:39:03,035 [INFO] ✅ economy async database-д амжилттай холбогдлоо: C:\Users\Haier\Desktop\MongolBot\mongolbot\data\economy.db
2025-06-11 00:39:03,036 [INFO] ✅ main async database-д амжилттай холбогдлоо: C:\Users\Haier\Desktop\MongolBot\mongolbot\data\bot.db
2025-06-11 00:39:03,036 [INFO] ✅ VIP хүснэгтийг шалгаж дууслаа!
2025-06-11 00:39:03,041 [INFO] ✅ main async database-д амжилттай холбогдлоо: C:\Users\Haier\Desktop\MongolBot\mongolbot\data\bot.db
2025-06-11 00:39:03,044 [INFO] ✅ Префиксүүд амжилттай ачаалагдлаа
2025-06-11 00:39:03,044 [INFO] ✅ Префикс систем амжилттай эхэллээ
2025-06-11 00:39:03,045 [ERROR] ❌ VIP систем ачаалахад алдаа: Extension 'cogs.economy.vip' is already loaded.
2025-06-11 00:39:03,045 [ERROR] 🚨 Ачаалж чадсангүй: cogs.economy.bank - Extension 'cogs.economy.bank' is already loaded.
2025-06-11 00:39:03,046 [ERROR] 🚨 Ачаалж чадсангүй: cogs.economy.economy - Extension 'cogs.economy.economy' is already loaded.
2025-06-11 00:39:03,046 [ERROR] 🚨 Ачаалж чадсангүй: cogs.economy.serverbank - Extension 'cogs.economy.serverbank' is already loaded.
2025-06-11 00:39:03,047 [ERROR] 🚨 Ачаалж чадсангүй: cogs.games.buh - Extension 'cogs.games.buh' is already loaded.
2025-06-11 00:39:03,048 [ERROR] 🚨 Ачаалж чадсангүй: cogs.games.count - Extension 'cogs.games.count' is already loaded.
2025-06-11 00:39:03,048 [ERROR] 🚨 Ачаалж чадсангүй: cogs.games.buttondate - Extension 'cogs.games.buttondate' is already loaded.
2025-06-11 00:39:03,048 [ERROR] 🚨 Ачаалж чадсангүй: cogs.games.horseracing - Extension 'cogs.games.horseracing' is already loaded.
2025-06-11 00:39:03,049 [ERROR] 🚨 Ачаалж чадсангүй: cogs.admin.admin - Extension 'cogs.admin.admin' is already loaded.
2025-06-11 00:39:03,049 [ERROR] 🚨 Ачаалж чадсангүй: cogs.admin.channel - Extension 'cogs.admin.channel' is already loaded.
2025-06-11 00:39:03,050 [ERROR] 🚨 Ачаалж чадсангүй: cogs.admin.owner - Extension 'cogs.admin.owner' is already loaded.
2025-06-11 00:39:03,593 [INFO] ✅ Slash командууд sync хийгдлээ: 2 команд
2025-06-11 00:39:03,594 [INFO] Sync хийгдсэн команд: post
2025-06-11 00:39:03,594 [INFO] Sync хийгдсэн команд: channel
2025-06-11 00:39:03,594 [INFO] ✅ Testing bot#5556 амжилттай холбогдлоо!
2025-06-11 01:11:14,229 [INFO] ✅ economy async database-д амжилттай холбогдлоо: C:\Users\Haier\Desktop\MongolBot\mongolbot\data\economy.db
2025-06-11 01:11:14,229 [INFO] ✅ VIP хүснэгтийг шалгаж дууслаа!
2025-06-11 01:11:14,230 [INFO] ✅ economy async database-д амжилттай холбогдлоо: C:\Users\Haier\Desktop\MongolBot\mongolbot\data\economy.db
2025-06-11 01:11:14,231 [INFO] ✅ VIP хүснэгтийг шалгаж дууслаа!
2025-06-11 01:11:14,231 [ERROR] ❌ Мэдээллийн сантай холбогдож чадсангүй
2025-06-11 01:14:42,740 [INFO] Shard ID None has successfully RESUMED session 25a7ddd921ab84c40246dfedce40baab.
2025-06-11 01:23:06,855 [INFO] ✅ economy async database-д амжилттай холбогдлоо: C:\Users\Haier\Desktop\MongolBot\mongolbot\data\economy.db
2025-06-11 01:23:06,856 [INFO] ✅ VIP хүснэгтийг шалгаж дууслаа!
2025-06-11 01:23:06,857 [INFO] ✅ economy async database-д амжилттай холбогдлоо: C:\Users\Haier\Desktop\MongolBot\mongolbot\data\economy.db
2025-06-11 01:23:06,858 [INFO] ✅ VIP хүснэгтийг шалгаж дууслаа!
2025-06-11 01:23:06,858 [ERROR] ❌ Мэдээллийн сантай холбогдож чадсангүй
2025-06-11 01:30:55,534 [INFO] Shard ID None has successfully RESUMED session d6f421828665faeabb1cd2ff82c2650b.
2025-06-11 01:37:43,236 [ERROR] Attempting a reconnect in 1.46s
Traceback (most recent call last):
  File "C:\Users\Haier\AppData\Roaming\Python\Python312\site-packages\aiohttp\connector.py", line 1445, in _create_direct_connection
    hosts = await self._resolve_host(host, port, traces=traces)
            ^^^^^^^^^^^^^^^^^^^^^^^^^^^^^^^^^^^^^^^^^^^^^^^^^^^
  File "C:\Users\Haier\AppData\Roaming\Python\Python312\site-packages\aiohttp\connector.py", line 1061, in _resolve_host
    return await asyncio.shield(resolved_host_task)
           ^^^^^^^^^^^^^^^^^^^^^^^^^^^^^^^^^^^^^^^^
  File "C:\Users\Haier\AppData\Roaming\Python\Python312\site-packages\aiohttp\connector.py", line 1092, in _resolve_host_with_throttle
    addrs = await self._resolver.resolve(host, port, family=self._family)
            ^^^^^^^^^^^^^^^^^^^^^^^^^^^^^^^^^^^^^^^^^^^^^^^^^^^^^^^^^^^^^
  File "C:\Users\Haier\AppData\Roaming\Python\Python312\site-packages\aiohttp\resolver.py", line 40, in resolve
    infos = await self._loop.getaddrinfo(
            ^^^^^^^^^^^^^^^^^^^^^^^^^^^^^
  File "C:\Python312\Lib\asyncio\base_events.py", line 901, in getaddrinfo
    return await self.run_in_executor(
           ^^^^^^^^^^^^^^^^^^^^^^^^^^^
  File "C:\Python312\Lib\concurrent\futures\thread.py", line 58, in run
    result = self.fn(*self.args, **self.kwargs)
             ^^^^^^^^^^^^^^^^^^^^^^^^^^^^^^^^^^
  File "C:\Python312\Lib\socket.py", line 976, in getaddrinfo
    for res in _socket.getaddrinfo(host, port, family, type, proto, flags):
               ^^^^^^^^^^^^^^^^^^^^^^^^^^^^^^^^^^^^^^^^^^^^^^^^^^^^^^^^^^^
socket.gaierror: [Errno 11001] getaddrinfo failed

The above exception was the direct cause of the following exception:

Traceback (most recent call last):
  File "C:\Users\Haier\AppData\Roaming\Python\Python312\site-packages\discord\client.py", line 701, in connect
    self.ws = await asyncio.wait_for(coro, timeout=60.0)
              ^^^^^^^^^^^^^^^^^^^^^^^^^^^^^^^^^^^^^^^^^^
  File "C:\Python312\Lib\asyncio\tasks.py", line 520, in wait_for
    return await fut
           ^^^^^^^^^
  File "C:\Users\Haier\AppData\Roaming\Python\Python312\site-packages\discord\gateway.py", line 375, in from_client
    socket = await client.http.ws_connect(str(url))
             ^^^^^^^^^^^^^^^^^^^^^^^^^^^^^^^^^^^^^^
  File "C:\Users\Haier\AppData\Roaming\Python\Python312\site-packages\discord\http.py", line 554, in ws_connect
    return await self.__session.ws_connect(url, **kwargs)
           ^^^^^^^^^^^^^^^^^^^^^^^^^^^^^^^^^^^^^^^^^^^^^^
  File "C:\Users\Haier\AppData\Roaming\Python\Python312\site-packages\aiohttp\client.py", line 1052, in _ws_connect
    resp = await self.request(
           ^^^^^^^^^^^^^^^^^^^
  File "C:\Users\Haier\AppData\Roaming\Python\Python312\site-packages\aiohttp\client.py", line 761, in _request
    resp = await handler(req)
           ^^^^^^^^^^^^^^^^^^
  File "C:\Users\Haier\AppData\Roaming\Python\Python312\site-packages\aiohttp\client.py", line 716, in _connect_and_send_request
    conn = await self._connector.connect(
           ^^^^^^^^^^^^^^^^^^^^^^^^^^^^^^
  File "C:\Users\Haier\AppData\Roaming\Python\Python312\site-packages\aiohttp\connector.py", line 598, in connect
    proto = await self._create_connection(req, traces, timeout)
            ^^^^^^^^^^^^^^^^^^^^^^^^^^^^^^^^^^^^^^^^^^^^^^^^^^^
  File "C:\Users\Haier\AppData\Roaming\Python\Python312\site-packages\aiohttp\connector.py", line 1122, in _create_connection
    _, proto = await self._create_direct_connection(req, traces, timeout)
               ^^^^^^^^^^^^^^^^^^^^^^^^^^^^^^^^^^^^^^^^^^^^^^^^^^^^^^^^^^
  File "C:\Users\Haier\AppData\Roaming\Python\Python312\site-packages\aiohttp\connector.py", line 1451, in _create_direct_connection
    raise ClientConnectorDNSError(req.connection_key, exc) from exc
aiohttp.client_exceptions.ClientConnectorDNSError: Cannot connect to host gateway-us-east1-b.discord.gg:443 ssl:default [getaddrinfo failed]
2025-06-11 01:37:43,244 [ERROR] Attempting a reconnect in 0.67s
Traceback (most recent call last):
  File "C:\Users\Haier\AppData\Roaming\Python\Python312\site-packages\aiohttp\connector.py", line 1445, in _create_direct_connection
    hosts = await self._resolve_host(host, port, traces=traces)
            ^^^^^^^^^^^^^^^^^^^^^^^^^^^^^^^^^^^^^^^^^^^^^^^^^^^
  File "C:\Users\Haier\AppData\Roaming\Python\Python312\site-packages\aiohttp\connector.py", line 1061, in _resolve_host
    return await asyncio.shield(resolved_host_task)
           ^^^^^^^^^^^^^^^^^^^^^^^^^^^^^^^^^^^^^^^^
  File "C:\Users\Haier\AppData\Roaming\Python\Python312\site-packages\aiohttp\connector.py", line 1092, in _resolve_host_with_throttle
    addrs = await self._resolver.resolve(host, port, family=self._family)
            ^^^^^^^^^^^^^^^^^^^^^^^^^^^^^^^^^^^^^^^^^^^^^^^^^^^^^^^^^^^^^
  File "C:\Users\Haier\AppData\Roaming\Python\Python312\site-packages\aiohttp\resolver.py", line 40, in resolve
    infos = await self._loop.getaddrinfo(
            ^^^^^^^^^^^^^^^^^^^^^^^^^^^^^
  File "C:\Python312\Lib\asyncio\base_events.py", line 901, in getaddrinfo
    return await self.run_in_executor(
           ^^^^^^^^^^^^^^^^^^^^^^^^^^^
  File "C:\Python312\Lib\concurrent\futures\thread.py", line 58, in run
    result = self.fn(*self.args, **self.kwargs)
             ^^^^^^^^^^^^^^^^^^^^^^^^^^^^^^^^^^
  File "C:\Python312\Lib\socket.py", line 976, in getaddrinfo
    for res in _socket.getaddrinfo(host, port, family, type, proto, flags):
               ^^^^^^^^^^^^^^^^^^^^^^^^^^^^^^^^^^^^^^^^^^^^^^^^^^^^^^^^^^^
socket.gaierror: [Errno 11001] getaddrinfo failed

The above exception was the direct cause of the following exception:

Traceback (most recent call last):
  File "C:\Users\Haier\AppData\Roaming\Python\Python312\site-packages\discord\client.py", line 701, in connect
    self.ws = await asyncio.wait_for(coro, timeout=60.0)
              ^^^^^^^^^^^^^^^^^^^^^^^^^^^^^^^^^^^^^^^^^^
  File "C:\Python312\Lib\asyncio\tasks.py", line 520, in wait_for
    return await fut
           ^^^^^^^^^
  File "C:\Users\Haier\AppData\Roaming\Python\Python312\site-packages\discord\gateway.py", line 375, in from_client
    socket = await client.http.ws_connect(str(url))
             ^^^^^^^^^^^^^^^^^^^^^^^^^^^^^^^^^^^^^^
  File "C:\Users\Haier\AppData\Roaming\Python\Python312\site-packages\discord\http.py", line 554, in ws_connect
    return await self.__session.ws_connect(url, **kwargs)
           ^^^^^^^^^^^^^^^^^^^^^^^^^^^^^^^^^^^^^^^^^^^^^^
  File "C:\Users\Haier\AppData\Roaming\Python\Python312\site-packages\aiohttp\client.py", line 1052, in _ws_connect
    resp = await self.request(
           ^^^^^^^^^^^^^^^^^^^
  File "C:\Users\Haier\AppData\Roaming\Python\Python312\site-packages\aiohttp\client.py", line 761, in _request
    resp = await handler(req)
           ^^^^^^^^^^^^^^^^^^
  File "C:\Users\Haier\AppData\Roaming\Python\Python312\site-packages\aiohttp\client.py", line 716, in _connect_and_send_request
    conn = await self._connector.connect(
           ^^^^^^^^^^^^^^^^^^^^^^^^^^^^^^
  File "C:\Users\Haier\AppData\Roaming\Python\Python312\site-packages\aiohttp\connector.py", line 598, in connect
    proto = await self._create_connection(req, traces, timeout)
            ^^^^^^^^^^^^^^^^^^^^^^^^^^^^^^^^^^^^^^^^^^^^^^^^^^^
  File "C:\Users\Haier\AppData\Roaming\Python\Python312\site-packages\aiohttp\connector.py", line 1122, in _create_connection
    _, proto = await self._create_direct_connection(req, traces, timeout)
               ^^^^^^^^^^^^^^^^^^^^^^^^^^^^^^^^^^^^^^^^^^^^^^^^^^^^^^^^^^
  File "C:\Users\Haier\AppData\Roaming\Python\Python312\site-packages\aiohttp\connector.py", line 1451, in _create_direct_connection
    raise ClientConnectorDNSError(req.connection_key, exc) from exc
aiohttp.client_exceptions.ClientConnectorDNSError: Cannot connect to host gateway-us-east1-b.discord.gg:443 ssl:default [getaddrinfo failed]
2025-06-11 01:37:45,652 [INFO] Shard ID None has successfully RESUMED session d6f421828665faeabb1cd2ff82c2650b.
2025-06-11 01:37:46,387 [INFO] Shard ID None has successfully RESUMED session 25a7ddd921ab84c40246dfedce40baab.
2025-06-11 01:38:17,295 [WARNING] PyNaCl is not installed, voice will NOT be supported
2025-06-11 01:38:17,296 [INFO] logging in using static token
2025-06-11 01:38:21,643 [INFO] Shard ID None has connected to Gateway (Session ID: a3888b0d8381c36f58d4a13d66932b54).
2025-06-11 01:38:23,702 [INFO] ✅ main async database-д амжилттай холбогдлоо: C:\Users\Haier\Desktop\MongolBot\mongolbot\data\bot.db
2025-06-11 01:38:23,704 [INFO] ✅ main async database-д амжилттай холбогдлоо: C:\Users\Haier\Desktop\MongolBot\mongolbot\data\bot.db
2025-06-11 01:38:23,705 [INFO] ✅ Префиксүүд амжилттай ачаалагдлаа
2025-06-11 01:38:23,705 [INFO] ✅ Префикс систем амжилттай эхэллээ
2025-06-11 01:38:23,712 [INFO] ✅ VIP систем ачаалагдлаа
2025-06-11 01:38:23,723 [INFO] ✅ economy database-д амжилттай холбогдлоо: C:\Users\Haier\Desktop\MongolBot\mongolbot\data\economy.db
2025-06-11 01:38:23,728 [INFO] ✅ Ачаалсан: cogs.economy.bank
2025-06-11 01:38:23,730 [INFO] ✅ economy database-д амжилттай холбогдлоо: C:\Users\Haier\Desktop\MongolBot\mongolbot\data\economy.db
2025-06-11 01:38:23,731 [INFO] ✅ Ачаалсан: cogs.economy.economy
2025-06-11 01:38:23,735 [INFO] ✅ Ачаалсан: cogs.economy.serverbank
2025-06-11 01:38:23,738 [INFO] ✅ Ачаалсан: cogs.games.buh
2025-06-11 01:38:23,740 [ERROR] 🚨 Ачаалж чадсангүй: cogs.games.count - Extension 'cogs.games.count' has no 'setup' function.
2025-06-11 01:38:23,742 [INFO] ✅ Ачаалсан: cogs.games.buttondate
2025-06-11 01:38:23,743 [ERROR] 🚨 Ачаалж чадсангүй: cogs.games.horseracing - Extension 'cogs.games.horseracing' has no 'setup' function.
2025-06-11 01:38:23,752 [INFO] ⚠️ Зээлийн хүү тооцох хугацаа болоогүй байна!
2025-06-11 01:38:23,753 [INFO] ⚠️ Хадгаламжийн хүү тооцох хугацаа болоогүй байна!
2025-06-11 01:38:23,754 [INFO] ✅ economy async database-д амжилттай холбогдлоо: C:\Users\Haier\Desktop\MongolBot\mongolbot\data\economy.db
2025-06-11 01:38:23,754 [INFO] ✅ serverbank async database-д амжилттай холбогдлоо: C:\Users\Haier\Desktop\MongolBot\mongolbot\data\serverbank.db
2025-06-11 01:38:23,755 [INFO] ✅ VIP хүснэгтийг шалгаж дууслаа!
2025-06-11 01:38:23,757 [INFO] ✅ economy async database-д амжилттай холбогдлоо: C:\Users\Haier\Desktop\MongolBot\mongolbot\data\economy.db
2025-06-11 01:38:23,758 [INFO] ✅ VIP хүснэгтийг шалгаж дууслаа!
2025-06-11 01:38:23,760 [INFO] ✅ economy async database-д амжилттай холбогдлоо: C:\Users\Haier\Desktop\MongolBot\mongolbot\data\economy.db
2025-06-11 01:38:23,761 [INFO] ✅ VIP хүснэгтийг шалгаж дууслаа!
2025-06-11 01:38:23,761 [ERROR] ❌ Мэдээллийн сантай холбогдож чадсангүй
2025-06-11 01:38:24,274 [INFO] ✅ Ачаалсан: cogs.admin.admin
2025-06-11 01:38:24,275 [INFO] ✅ Ачаалсан: cogs.admin.channel
2025-06-11 01:38:24,276 [INFO] ✅ Ачаалсан: cogs.admin.owner
2025-06-11 01:39:24,320 [INFO] ✅ Slash командууд sync хийгдлээ: 2 команд
2025-06-11 01:39:24,321 [INFO] Sync хийгдсэн команд: post
2025-06-11 01:39:24,321 [INFO] Sync хийгдсэн команд: channel
2025-06-11 01:39:24,321 [INFO] ✅ Testing bot#5556 амжилттай холбогдлоо!
2025-06-15 15:07:49,022 [WARNING] PyNaCl is not installed, voice will NOT be supported
2025-06-15 15:07:49,027 [INFO] logging in using static token
2025-06-15 15:07:51,544 [INFO] Shard ID None has connected to Gateway (Session ID: 4b14a2a9a7e89c2ba40c31f83df2c2d7).
2025-06-15 15:07:53,618 [INFO] ✅ Префиксүүд амжилттай ачаалагдлаа
2025-06-15 15:07:53,619 [INFO] ✅ Префикс систем амжилттай эхэллээ
2025-06-15 15:07:53,627 [INFO] ✅ VIP систем ачаалагдлаа
2025-06-15 15:07:53,631 [INFO] ✅ economy database-д амжилттай холбогдлоо: C:\Users\Haier\Desktop\MongolBot\mongolbot\data\economy.db
2025-06-15 15:07:53,649 [INFO] ✅ Ачаалсан: cogs.economy.bank
2025-06-15 15:07:53,663 [INFO] ✅ economy database-д амжилттай холбогдлоо: C:\Users\Haier\Desktop\MongolBot\mongolbot\data\economy.db
2025-06-15 15:07:53,669 [INFO] ✅ Ачаалсан: cogs.economy.economy
2025-06-15 15:07:53,672 [INFO] ✅ Ачаалсан: cogs.economy.serverbank
2025-06-15 15:07:53,712 [INFO] ✅ Ачаалсан: cogs.games.buh
2025-06-15 15:07:53,726 [ERROR] 🚨 Ачаалж чадсангүй: cogs.games.count - Extension 'cogs.games.count' could not be loaded or found.
2025-06-15 15:07:53,727 [INFO] ✅ Ачаалсан: cogs.games.buttondate
2025-06-15 15:07:53,729 [INFO] ✅ Ачаалсан: cogs.games.horseracing
2025-06-15 15:07:53,733 [INFO] ✅ economy database-д амжилттай холбогдлоо: C:\Users\Haier\Desktop\MongolBot\mongolbot\data\economy.db
2025-06-15 15:07:53,737 [ERROR] 🚨 Ачаалж чадсангүй: cogs.games.game - Extension 'cogs.games.game' raised an error: ClientException: Cog named 'ServerBank' already loaded
2025-06-15 15:07:53,759 [INFO] ⚠️ Зээлийн хүү тооцох хугацаа болоогүй байна!
2025-06-15 15:07:53,760 [INFO] ⚠️ Хадгаламжийн хүү тооцох хугацаа болоогүй байна!
2025-06-15 15:07:53,764 [INFO] ✅ economy async database-д амжилттай холбогдлоо: C:\Users\Haier\Desktop\MongolBot\mongolbot\data\economy.db
2025-06-15 15:07:53,764 [INFO] ✅ VIP хүснэгтийг шалгаж дууслаа!
2025-06-15 15:07:53,765 [INFO] ✅ serverbank async database-д амжилттай холбогдлоо: C:\Users\Haier\Desktop\MongolBot\mongolbot\data\serverbank.db
2025-06-15 15:07:53,767 [INFO] ✅ economy async database-д амжилттай холбогдлоо: C:\Users\Haier\Desktop\MongolBot\mongolbot\data\economy.db
2025-06-15 15:07:53,767 [INFO] ✅ VIP хүснэгтийг шалгаж дууслаа!
2025-06-15 15:07:53,770 [INFO] ✅ serverbank async database-д амжилттай холбогдлоо: C:\Users\Haier\Desktop\MongolBot\mongolbot\data\serverbank.db
2025-06-15 15:07:53,772 [INFO] ✅ serverbank async database-д амжилттай холбогдлоо: C:\Users\Haier\Desktop\MongolBot\mongolbot\data\serverbank.db
2025-06-15 15:07:53,774 [INFO] ✅ economy async database-д амжилттай холбогдлоо: C:\Users\Haier\Desktop\MongolBot\mongolbot\data\economy.db
2025-06-15 15:07:53,775 [INFO] ✅ VIP хүснэгтийг шалгаж дууслаа!
2025-06-15 15:07:53,775 [ERROR] ❌ Мэдээллийн сантай холбогдож чадсангүй
2025-06-15 15:07:54,230 [INFO] ✅ Ачаалсан: cogs.admin.admin
2025-06-15 15:07:54,232 [INFO] ✅ Ачаалсан: cogs.admin.channel
2025-06-15 15:07:54,233 [INFO] ✅ Ачаалсан: cogs.admin.owner
2025-06-15 15:07:54,234 [INFO] 📁 Database файлууд: C:\Users\Haier\Desktop\MongolBot\mongolbot\cogs\data
2025-06-15 15:07:54,245 [INFO] ✅ Ачаалсан: cogs.admin.suggest
2025-06-15 15:07:54,251 [INFO] ✅ Ачаалсан: cogs.admin.giveaway
2025-06-15 15:07:54,254 [INFO] ✅ Ачаалсан: cogs.admin.fun
2025-06-15 15:07:54,259 [INFO] ✅ Ачаалсан: cogs.admin.blacklist
2025-06-15 15:07:54,326 [INFO] ✅ Ачаалсан: cogs.admin.birthday
2025-06-15 15:07:54,333 [INFO] ✅ Ачаалсан: cogs.admin.report
2025-06-15 15:07:54,335 [INFO] ✅ Ачаалсан: cogs.utils.support
2025-06-15 15:07:54,339 [INFO] ✅ Ачаалсан: cogs.utils.help
2025-06-15 15:08:54,350 [INFO] ✅ Slash командууд sync хийгдлээ: 8 команд
2025-06-15 15:08:54,350 [INFO] Sync хийгдсэн команд: post
2025-06-15 15:08:54,351 [INFO] Sync хийгдсэн команд: channel
2025-06-15 15:08:54,351 [INFO] Sync хийгдсэн команд: poll
2025-06-15 15:08:54,351 [INFO] Sync хийгдсэн команд: set_birthday
2025-06-15 15:08:54,351 [INFO] Sync хийгдсэн команд: set_birthday_channel
2025-06-15 15:08:54,351 [INFO] Sync хийгдсэн команд: set_birthday_message
2025-06-15 15:08:54,351 [INFO] Sync хийгдсэн команд: upcoming_birthdays
2025-06-15 15:08:54,351 [INFO] Sync хийгдсэн команд: help
2025-06-15 15:08:54,352 [INFO] ✅ Testing bot#5556 амжилттай холбогдлоо!
2025-06-15 15:09:09,509 [INFO] ✅ Мэдээллийн сан амжилттай хаагдлаа.
2025-06-15 15:54:09,695 [WARNING] PyNaCl is not installed, voice will NOT be supported
2025-06-15 15:54:09,697 [INFO] logging in using static token
2025-06-15 15:54:12,193 [INFO] Shard ID None has connected to Gateway (Session ID: bd9e8c99b692087ea12cd9df73cc408b).
2025-06-15 15:54:15,042 [INFO] ✅ Префиксүүд амжилттай ачаалагдлаа
2025-06-15 15:54:15,042 [INFO] ✅ Префикс систем амжилттай эхэллээ
2025-06-15 15:54:15,051 [INFO] ✅ VIP систем ачаалагдлаа
2025-06-15 15:54:15,055 [INFO] ✅ economy database-д амжилттай холбогдлоо: C:\Users\Haier\Desktop\MongolBot\mongolbot\data\economy.db
2025-06-15 15:54:15,062 [INFO] ✅ Ачаалсан: cogs.economy.bank
2025-06-15 15:54:15,064 [INFO] ✅ economy database-д амжилттай холбогдлоо: C:\Users\Haier\Desktop\MongolBot\mongolbot\data\economy.db
2025-06-15 15:54:15,064 [INFO] ✅ Ачаалсан: cogs.economy.economy
2025-06-15 15:54:15,067 [INFO] ✅ Ачаалсан: cogs.economy.serverbank
2025-06-15 15:54:15,069 [INFO] ✅ Ачаалсан: cogs.games.buh
2025-06-15 15:54:15,072 [INFO] ✅ Ачаалсан: cogs.games.horseracing
2025-06-15 15:54:15,078 [INFO] ⚠️ Зээлийн хүү тооцох хугацаа болоогүй байна!
2025-06-15 15:54:15,078 [INFO] ⚠️ Хадгаламжийн хүү тооцох хугацаа болоогүй байна!
2025-06-15 15:54:15,080 [INFO] ✅ economy async database-д амжилттай холбогдлоо: C:\Users\Haier\Desktop\MongolBot\mongolbot\data\economy.db
2025-06-15 15:54:15,080 [INFO] ✅ serverbank async database-д амжилттай холбогдлоо: C:\Users\Haier\Desktop\MongolBot\mongolbot\data\serverbank.db
2025-06-15 15:54:15,081 [INFO] ✅ VIP хүснэгтийг шалгаж дууслаа!
2025-06-15 15:54:15,084 [INFO] ✅ economy async database-д амжилттай холбогдлоо: C:\Users\Haier\Desktop\MongolBot\mongolbot\data\economy.db
2025-06-15 15:54:15,084 [INFO] ✅ VIP хүснэгтийг шалгаж дууслаа!
2025-06-15 15:54:15,087 [INFO] ✅ economy async database-д амжилттай холбогдлоо: C:\Users\Haier\Desktop\MongolBot\mongolbot\data\economy.db
2025-06-15 15:54:15,088 [INFO] ✅ VIP хүснэгтийг шалгаж дууслаа!
2025-06-15 15:54:15,090 [ERROR] ❌ Мэдээллийн сантай холбогдож чадсангүй
2025-06-15 15:54:15,594 [INFO] ✅ Ачаалсан: cogs.admin.admin
2025-06-15 15:54:15,595 [INFO] ✅ Ачаалсан: cogs.admin.owner
2025-06-15 15:54:15,600 [INFO] ✅ Ачаалсан: cogs.admin.suggest
2025-06-15 15:54:15,609 [INFO] ✅ Ачаалсан: cogs.admin.giveaway
2025-06-15 15:54:15,611 [INFO] ✅ Ачаалсан: cogs.admin.fun
2025-06-15 15:54:15,613 [INFO] ✅ Ачаалсан: cogs.admin.blacklist
2025-06-15 15:54:15,685 [INFO] ✅ Ачаалсан: cogs.admin.birthday
2025-06-15 15:54:15,689 [INFO] ✅ Ачаалсан: cogs.admin.report
2025-06-15 15:54:15,691 [INFO] ✅ Ачаалсан: cogs.utils.support
2025-06-15 15:54:15,693 [INFO] ✅ Ачаалсан: cogs.utils.help
2025-06-15 15:54:20,883 [INFO] ✅ Мэдээллийн сан амжилттай хаагдлаа.
2025-06-15 15:54:29,010 [WARNING] PyNaCl is not installed, voice will NOT be supported
2025-06-15 15:54:29,012 [INFO] logging in using static token
2025-06-15 15:54:31,417 [INFO] Shard ID None has connected to Gateway (Session ID: 0735ef4250dd5c03befc210518bb4992).
2025-06-15 15:54:33,518 [INFO] ✅ Префиксүүд амжилттай ачаалагдлаа
2025-06-15 15:54:33,518 [INFO] ✅ Префикс систем амжилттай эхэллээ
2025-06-15 15:54:33,525 [INFO] ✅ VIP систем ачаалагдлаа
2025-06-15 15:54:33,526 [INFO] ✅ economy database-д амжилттай холбогдлоо: C:\Users\Haier\Desktop\MongolBot\mongolbot\data\economy.db
2025-06-15 15:54:33,532 [INFO] ✅ Ачаалсан: cogs.economy.bank
2025-06-15 15:54:33,535 [INFO] ✅ economy database-д амжилттай холбогдлоо: C:\Users\Haier\Desktop\MongolBot\mongolbot\data\economy.db
2025-06-15 15:54:33,535 [INFO] ✅ Ачаалсан: cogs.economy.economy
2025-06-15 15:54:33,537 [INFO] ✅ Ачаалсан: cogs.economy.serverbank
2025-06-15 15:54:33,538 [INFO] ✅ Ачаалсан: cogs.games.buh
2025-06-15 15:54:33,539 [INFO] ✅ Ачаалсан: cogs.games.horseracing
2025-06-15 15:54:33,546 [INFO] ⚠️ Зээлийн хүү тооцох хугацаа болоогүй байна!
2025-06-15 15:54:33,546 [INFO] ⚠️ Хадгаламжийн хүү тооцох хугацаа болоогүй байна!
2025-06-15 15:54:33,547 [INFO] ✅ economy async database-д амжилттай холбогдлоо: C:\Users\Haier\Desktop\MongolBot\mongolbot\data\economy.db
2025-06-15 15:54:33,548 [INFO] ✅ serverbank async database-д амжилттай холбогдлоо: C:\Users\Haier\Desktop\MongolBot\mongolbot\data\serverbank.db
2025-06-15 15:54:33,548 [INFO] ✅ VIP хүснэгтийг шалгаж дууслаа!
2025-06-15 15:54:33,551 [INFO] ✅ economy async database-д амжилттай холбогдлоо: C:\Users\Haier\Desktop\MongolBot\mongolbot\data\economy.db
2025-06-15 15:54:33,552 [INFO] ✅ VIP хүснэгтийг шалгаж дууслаа!
2025-06-15 15:54:33,553 [INFO] ✅ economy async database-д амжилттай холбогдлоо: C:\Users\Haier\Desktop\MongolBot\mongolbot\data\economy.db
2025-06-15 15:54:33,554 [INFO] ✅ VIP хүснэгтийг шалгаж дууслаа!
2025-06-15 15:54:33,554 [ERROR] ❌ Мэдээллийн сантай холбогдож чадсангүй
2025-06-15 15:54:33,907 [WARNING] We are being rate limited. PUT https://discord.com/api/v10/applications/1321804731596668958/commands responded with 429. Retrying in 11.52 seconds.
2025-06-15 15:54:37,777 [INFO] ✅ Мэдээллийн сан амжилттай хаагдлаа.
